Country,Region,Population,Area (sq. mi.),Pop. Density (per sq. mi.),Coastline (coast/area ratio),Net migration,Infant mortality (per 1000 births),GDP ($ per capita),Literacy (%),Phones (per 1000),Arable (%),Crops (%),Other (%),Climate,Birthrate,Deathrate,Agriculture,Industry,Service
Afghanistan ,ASIA (EX. NEAR EAST)         ,"31,056,997","647,500",48.00,0.00,23.06,163.07,700,36.00,3.20,12.13,0.22,87.65,1.00,46.60,20.34,0.38,0.24,0.38
Albania ,EASTERN EUROPE                     ,"3,581,655","28,748",124.60,1.26,-4.93,21.52,"4,500",86.50,71.20,21.09,4.42,74.49,3.00,15.11,5.22,232.00,188.00,579.00
Algeria ,NORTHERN AFRICA                    ,"32,930,091","2,381,740",13.80,0.04,-0.39,31.00,"6,000",70.00,78.10,3.22,0.25,96.53,1.00,17.14,4.61,101.00,0.60,298.00
American Samoa ,OCEANIA                            ,"57,794",199,290.40,58.29,-20.71,9.27,"8,000",97.00,259.50,10.00,15.00,75.00,2.00,22.46,3.27,,,
Andorra ,WESTERN EUROPE                     ,"71,201",468,152.10,0.00,6.60,4.05,"19,000",100.00,497.20,2.22,0.00,97.78,3.00,8.71,6.25,,,
Angola ,SUB-SAHARAN AFRICA                 ,"12,127,071","1,246,700",9.70,0.13,0.00,191.19,"1,900",42.00,7.80,2.41,0.24,97.35,,45.11,24.20,96.00,658.00,246.00
Anguilla ,LATIN AMER. & CARIB    ,"13,477",102,132.10,59.80,10.76,21.03,"8,600",95.00,460.00,0.00,0.00,100.00,2.00,14.17,5.34,0.04,0.18,0.78
Antigua & Barbuda ,LATIN AMER. & CARIB    ,"69,108",443,156.00,34.54,-6.15,19.46,"11,000",89.00,549.90,18.18,4.55,77.27,2.00,16.93,5.37,38.00,0.22,743.00
Argentina ,LATIN AMER. & CARIB    ,"39,921,833","2,766,890",14.40,0.18,0.61,15.18,"11,200",97.10,220.40,12.31,0.48,87.21,3.00,16.73,7.55,95.00,358.00,547.00
Armenia ,C.W. OF IND. STATES ,"2,976,372","29,800",99.90,0.00,-6.47,23.28,"3,500",98.60,195.70,17.55,2.30,80.15,4.00,12.07,8.23,239.00,343.00,418.00
Aruba ,LATIN AMER. & CARIB    ,"71,891",193,372.50,35.49,0.00,5.89,"28,000",97.00,516.10,10.53,0.00,89.47,2.00,11.03,6.68,4.00,333.00,663.00
Australia ,OCEANIA                            ,"20,264,082","7,686,850",2.60,0.34,3.98,4.69,"29,000",100.00,565.50,6.55,0.04,93.41,1.00,12.14,7.51,38.00,262.00,0.70
Austria ,WESTERN EUROPE                     ,"8,192,880","83,870",97.70,0.00,2.00,4.66,"30,000",98.00,452.20,16.91,0.86,82.23,3.00,8.74,9.76,18.00,304.00,678.00
Azerbaijan ,C.W. OF IND. STATES ,"7,961,619","86,600",91.90,0.00,-4.90,81.74,"3,400",97.00,137.10,19.63,2.71,77.66,1.00,20.74,9.75,141.00,457.00,402.00
"Bahamas, The ",LATIN AMER. & CARIB    ,"303,770","13,940",21.80,25.41,-2.20,25.21,"16,700",95.60,460.60,0.80,0.40,98.80,2.00,17.57,9.05,0.03,0.07,0.90
Bahrain ,NEAR EAST                          ,"698,585",665,"1,050.50",24.21,1.05,17.27,"16,900",89.10,281.30,2.82,5.63,91.55,1.00,17.80,4.14,5.00,387.00,608.00
Bangladesh ,ASIA (EX. NEAR EAST)         ,"147,365,352","144,000","1,023.40",0.40,-0.71,62.60,"1,900",43.10,7.30,62.11,3.07,34.82,2.00,29.80,8.27,199.00,198.00,603.00
Barbados ,LATIN AMER. & CARIB    ,"279,912",431,649.50,22.51,-0.31,12.50,"15,700",97.40,481.90,37.21,2.33,60.46,2.00,12.71,8.67,0.06,0.16,0.78
Belarus ,C.W. OF IND. STATES ,"10,293,011","207,600",49.60,0.00,2.54,13.37,"6,100",99.60,319.10,29.55,0.60,69.85,4.00,11.16,14.02,93.00,316.00,591.00
Belgium ,WESTERN EUROPE                     ,"10,379,067","30,528",340.00,0.22,1.23,4.68,"29,100",98.00,462.60,23.28,0.40,76.32,3.00,10.38,10.27,0.01,0.24,749.00
Belize ,LATIN AMER. & CARIB    ,"287,730","22,966",12.50,1.68,0.00,25.69,"4,900",94.10,115.70,2.85,1.71,95.44,2.00,28.84,5.72,142.00,152.00,612.00
Benin ,SUB-SAHARAN AFRICA                 ,"7,862,944","112,620",69.80,0.11,0.00,85.00,"1,100",40.90,9.70,18.08,2.40,79.52,2.00,38.85,12.22,316.00,138.00,546.00
Bermuda ,NORTHERN AMERICA                   ,"65,773",53,"1,241.00",194.34,2.49,8.53,"36,000",98.00,851.40,20.00,0.00,80.00,2.00,11.40,7.74,0.01,0.10,0.89
Bhutan ,ASIA (EX. NEAR EAST)         ,"2,279,723","47,000",48.50,0.00,0.00,100.44,"1,300",42.20,14.30,3.09,0.43,96.48,2.00,33.65,12.70,258.00,379.00,363.00
Bolivia ,LATIN AMER. & CARIB    ,"8,989,046","1,098,580",8.20,0.00,-1.32,53.11,"2,400",87.20,71.90,2.67,0.19,97.14,1.50,23.30,7.53,128.00,352.00,0.52
Bosnia & Herzegovina ,EASTERN EUROPE                     ,"4,498,976","51,129",88.00,0.04,0.31,21.05,"6,100",,215.40,13.60,2.96,83.44,4.00,8.77,8.27,142.00,308.00,0.55
Botswana ,SUB-SAHARAN AFRICA                 ,"1,639,833","600,370",2.70,0.00,0.00,54.58,"9,000",79.80,80.50,0.65,0.01,99.34,1.00,23.08,29.50,24.00,469.00,507.00
Brazil ,LATIN AMER. & CARIB    ,"188,078,227","8,511,965",22.10,0.09,-0.03,29.61,"7,600",86.40,225.30,6.96,0.90,92.15,2.00,16.56,6.17,84.00,0.40,516.00
British Virgin Is. ,LATIN AMER. & CARIB    ,"23,098",153,151.00,52.29,10.01,18.05,"16,000",97.80,506.50,20.00,6.67,73.33,2.00,14.89,4.42,18.00,62.00,0.92
Brunei ,ASIA (EX. NEAR EAST)         ,"379,444","5,770",65.80,2.79,3.59,12.61,"18,600",93.90,237.20,0.57,0.76,98.67,2.00,18.79,3.45,36.00,561.00,403.00
Bulgaria ,EASTERN EUROPE                     ,"7,385,367","110,910",66.60,0.32,-4.58,20.55,"7,600",98.60,336.30,40.02,1.92,58.06,3.00,9.65,14.27,93.00,304.00,603.00
Burkina Faso ,SUB-SAHARAN AFRICA                 ,"13,902,972","274,200",50.70,0.00,0.00,97.57,"1,100",26.60,7.00,14.43,0.19,85.38,2.00,45.62,15.60,322.00,196.00,482.00
Burma ,ASIA (EX. NEAR EAST)         ,"47,382,633","678,500",69.80,0.28,-1.80,67.24,"1,800",85.30,10.10,15.19,0.97,83.84,2.00,17.91,9.83,564.00,82.00,353.00
Burundi ,SUB-SAHARAN AFRICA                 ,"8,090,068","27,830",290.70,0.00,-0.06,69.29,600,51.60,3.40,35.05,14.02,50.93,2.00,42.22,13.46,463.00,203.00,334.00
Cambodia ,ASIA (EX. NEAR EAST)         ,"13,881,427","181,040",76.70,0.24,0.00,71.48,"1,900",69.40,2.60,20.96,0.61,78.43,2.00,26.90,9.06,0.35,0.30,0.35
Cameroon ,SUB-SAHARAN AFRICA                 ,"17,340,702","475,440",36.50,0.08,0.00,68.26,"1,800",79.00,5.70,12.81,2.58,84.61,1.50,33.89,13.47,448.00,0.17,382.00
Canada ,NORTHERN AMERICA                   ,"33,098,932","9,984,670",3.30,2.02,5.96,4.75,"29,800",97.00,552.20,4.96,0.02,95.02,,10.78,7.80,22.00,294.00,684.00
Cape Verde ,SUB-SAHARAN AFRICA                 ,"420,979","4,033",104.40,23.93,-12.07,47.77,"1,400",76.60,169.60,9.68,0.50,89.82,3.00,24.87,6.55,121.00,219.00,0.66
Cayman Islands ,LATIN AMER. & CARIB    ,"45,436",262,173.40,61.07,18.75,8.19,"35,000",98.00,836.30,3.85,0.00,96.15,2.00,12.74,4.89,14.00,32.00,954.00
Central African Rep. ,SUB-SAHARAN AFRICA                 ,"4,303,356","622,984",6.90,0.00,0.00,91.00,"1,100",51.00,2.30,3.10,0.14,96.76,2.00,33.91,18.65,0.55,0.20,0.25
Chad ,SUB-SAHARAN AFRICA                 ,"9,944,201","1,284,000",7.70,0.00,-0.11,93.82,"1,200",47.50,1.30,2.86,0.02,97.12,2.00,45.73,16.38,335.00,259.00,406.00
Chile ,LATIN AMER. & CARIB    ,"16,134,219","756,950",21.30,0.85,0.00,8.80,"9,900",96.20,213.00,2.65,0.42,96.93,3.00,15.23,5.81,0.06,493.00,447.00
China ,ASIA (EX. NEAR EAST)         ,"1,313,973,713","9,596,960",136.90,0.15,-0.40,24.18,"5,000",90.90,266.70,15.40,1.25,83.35,1.50,13.25,6.97,125.00,473.00,403.00
Colombia ,LATIN AMER. & CARIB    ,"43,593,035","1,138,910",38.30,0.28,-0.31,20.97,"6,300",92.50,176.20,2.42,1.67,95.91,2.00,20.48,5.58,125.00,342.00,533.00
Comoros ,SUB-SAHARAN AFRICA                 ,"690,948","2,170",318.40,15.67,0.00,74.93,700,56.50,24.50,35.87,23.32,40.81,2.00,36.93,8.20,0.40,0.04,0.56
"Congo, Dem. Rep. ",SUB-SAHARAN AFRICA                 ,"62,660,551","2,345,410",26.70,0.00,0.00,94.69,700,65.50,0.20,2.96,0.52,96.52,2.00,43.69,13.27,0.55,0.11,0.34
"Congo, Repub. of the ",SUB-SAHARAN AFRICA                 ,"3,702,314","342,000",10.80,0.05,-0.17,93.86,700,83.80,3.70,0.51,0.13,99.36,2.00,42.57,12.93,62.00,0.57,369.00
Cook Islands ,OCEANIA                            ,"21,388",240,89.10,50.00,,,"5,000",95.00,289.90,17.39,13.04,69.57,2.00,21.00,,151.00,96.00,753.00
Costa Rica ,LATIN AMER. & CARIB    ,"4,075,261","51,100",79.80,2.52,0.51,9.95,"9,100",96.00,340.70,4.41,5.88,89.71,2.00,18.32,4.36,88.00,299.00,614.00
Cote d'Ivoire ,SUB-SAHARAN AFRICA                 ,"17,654,843","322,460",54.80,0.16,-0.07,90.83,"1,400",50.90,14.60,9.75,13.84,76.41,2.00,35.11,14.84,279.00,171.00,0.55
Croatia ,EASTERN EUROPE                     ,"4,494,749","56,542",79.50,10.32,1.58,6.84,"10,600",98.50,420.40,26.09,2.27,71.65,,9.61,11.48,0.07,308.00,622.00
Cuba ,LATIN AMER. & CARIB    ,"11,382,820","110,860",102.70,3.37,-1.58,6.33,"2,900",97.00,74.70,33.05,7.60,59.35,2.00,11.89,7.22,55.00,261.00,684.00
Cyprus ,NEAR EAST                          ,"784,301","9,250",84.80,7.01,0.43,7.18,"19,200",97.60,,7.79,4.44,87.77,3.00,12.56,7.68,37.00,198.00,765.00
Czech Republic ,EASTERN EUROPE                     ,"10,235,455","78,866",129.80,0.00,0.97,3.93,"15,700",99.90,314.30,39.80,3.05,57.15,3.00,9.02,10.59,34.00,393.00,573.00
Denmark ,WESTERN EUROPE                     ,"5,450,661","43,094",126.50,16.97,2.48,4.56,"31,100",100.00,614.60,54.02,0.19,45.79,3.00,11.13,10.36,18.00,246.00,735.00
Djibouti ,SUB-SAHARAN AFRICA                 ,"486,530","23,000",21.20,1.37,0.00,104.13,"1,300",67.90,22.80,0.04,0.00,99.96,1.00,39.53,19.31,179.00,225.00,596.00
Dominica ,LATIN AMER. & CARIB    ,"68,910",754,91.40,19.63,-13.87,14.15,"5,400",94.00,304.80,6.67,20.00,73.33,2.00,15.27,6.73,177.00,328.00,495.00
Dominican Republic ,LATIN AMER. & CARIB    ,"9,183,984","48,730",188.50,2.64,-3.22,32.38,"6,000",84.70,97.40,22.65,10.33,67.02,2.00,23.22,5.73,112.00,306.00,582.00
East Timor ,ASIA (EX. NEAR EAST)         ,"1,062,777","15,007",70.80,4.70,0.00,47.41,500,58.60,,4.71,0.67,94.62,2.00,26.99,6.24,85.00,231.00,684.00
Ecuador ,LATIN AMER. & CARIB    ,"13,547,510","283,560",47.80,0.79,-8.58,23.66,"3,300",92.50,125.60,5.85,4.93,89.22,2.00,22.29,4.23,0.07,312.00,618.00
Egypt ,NORTHERN AFRICA                    ,"78,887,007","1,001,450",78.80,0.24,-0.22,32.59,"4,000",57.70,131.80,2.87,0.48,96.65,1.00,22.94,5.23,149.00,357.00,493.00
El Salvador ,LATIN AMER. & CARIB    ,"6,822,378","21,040",324.30,1.46,-3.74,25.10,"4,800",80.20,142.40,31.85,12.07,56.08,2.00,26.61,5.78,99.00,302.00,599.00
Equatorial Guinea ,SUB-SAHARAN AFRICA                 ,"540,109","28,051",19.30,1.06,0.00,85.13,"2,700",85.70,18.50,4.63,3.57,91.80,2.00,35.59,15.06,0.03,906.00,62.00
Eritrea ,SUB-SAHARAN AFRICA                 ,"4,786,994","121,320",39.50,1.84,0.00,74.87,700,58.60,7.90,4.95,0.03,95.02,1.50,34.33,9.60,102.00,254.00,643.00
Estonia ,BALTICS                            ,"1,324,333","45,226",29.30,8.39,-3.16,7.87,"12,300",99.80,333.80,16.04,0.45,83.51,3.00,10.04,13.25,0.04,294.00,666.00
Ethiopia ,SUB-SAHARAN AFRICA                 ,"74,777,981","1,127,127",66.30,0.00,0.00,95.32,700,42.70,8.20,10.71,0.75,88.54,2.00,37.98,14.86,475.00,99.00,426.00
Faroe Islands ,WESTERN EUROPE                     ,"47,246","1,399",33.80,79.84,1.41,6.24,"22,000",,503.80,2.14,0.00,97.86,,14.05,8.70,0.27,0.11,0.62
Fiji ,OCEANIA                            ,"905,949","18,270",49.60,6.18,-3.14,12.62,"5,800",93.70,112.60,10.95,4.65,84.40,2.00,22.55,5.65,89.00,135.00,776.00
Finland ,WESTERN EUROPE                     ,"5,231,372","338,145",15.50,0.37,0.95,3.57,"27,400",100.00,405.30,7.19,0.03,92.78,3.00,10.45,9.86,28.00,295.00,676.00
France ,WESTERN EUROPE                     ,"60,876,136","547,030",111.30,0.63,0.66,4.26,"27,600",99.00,586.40,33.53,2.07,64.40,4.00,11.99,9.14,22.00,214.00,764.00
French Guiana ,LATIN AMER. & CARIB    ,"199,509","91,000",2.20,0.42,6.27,12.07,"8,300",83.00,255.60,0.14,0.05,99.81,2.00,20.46,4.88,66.00,156.00,778.00
French Polynesia ,OCEANIA                            ,"274,578","4,167",65.90,60.60,2.94,8.44,"17,500",98.00,194.50,0.82,5.46,93.72,2.00,16.68,4.69,31.00,0.19,769.00
Gabon ,SUB-SAHARAN AFRICA                 ,"1,424,906","267,667",5.30,0.33,0.00,53.64,"5,500",63.20,27.40,1.26,0.66,98.08,2.00,36.16,12.25,61.00,592.00,348.00
"Gambia, The ",SUB-SAHARAN AFRICA                 ,"1,641,564","11,300",145.30,0.71,1.57,72.02,"1,700",40.10,26.80,25.00,0.50,74.50,2.00,39.37,12.25,308.00,142.00,549.00
Gaza Strip ,NEAR EAST                          ,"1,428,757",360,"3,968.80",11.11,1.60,22.93,600,,244.30,28.95,21.05,50.00,3.00,39.45,3.80,0.03,283.00,687.00
Georgia ,C.W. OF IND. STATES ,"4,661,473","69,700",66.90,0.44,-4.70,18.59,"2,500",99.00,146.60,11.44,3.86,84.70,3.00,10.41,9.23,172.00,275.00,553.00
Germany ,WESTERN EUROPE                     ,"82,422,299","357,021",230.90,0.67,2.18,4.16,"27,600",99.00,667.90,33.85,0.59,65.56,3.00,8.25,10.62,9.00,296.00,695.00
Ghana ,SUB-SAHARAN AFRICA                 ,"22,409,572","239,460",93.60,0.23,-0.64,51.43,"2,200",74.80,14.40,16.26,9.67,74.07,2.00,30.52,9.72,366.00,246.00,387.00
Gibraltar ,WESTERN EUROPE                     ,"27,928",7,"3,989.70",171.43,0.00,5.13,"17,500",,877.70,0.00,0.00,100.00,,10.74,9.31,,,
Greece ,WESTERN EUROPE                     ,"10,688,058","131,940",81.00,10.37,2.35,5.53,"20,000",97.50,589.70,21.10,8.78,70.12,3.00,9.68,10.24,54.00,213.00,733.00
Greenland ,NORTHERN AMERICA                   ,"56,361","2,166,086",0.00,2.04,-8.37,15.82,"20,000",,448.90,0.00,0.00,100.00,1.00,15.93,7.84,,,
Grenada ,LATIN AMER. & CARIB    ,"89,703",344,260.80,35.17,-13.92,14.62,"5,000",98.00,364.50,5.88,29.41,64.71,2.00,22.08,6.88,54.00,0.18,766.00
Guadeloupe ,LATIN AMER. & CARIB    ,"452,776","1,780",254.40,17.19,-0.15,8.60,"8,000",90.00,463.80,11.24,3.55,85.21,2.00,15.05,6.09,0.15,0.17,0.68
Guam ,OCEANIA                            ,"171,019",541,316.10,23.20,0.00,6.94,"21,000",99.00,492.00,9.09,16.36,74.55,2.00,18.79,4.48,,,
Guatemala ,LATIN AMER. & CARIB    ,"12,293,545","108,890",112.90,0.37,-1.67,35.93,"4,100",70.60,92.10,12.54,5.03,82.43,2.00,29.88,5.20,227.00,188.00,585.00
Guernsey ,WESTERN EUROPE                     ,"65,409",78,838.60,64.10,3.84,4.71,"20,000",,842.40,,,,3.00,8.81,10.01,0.03,0.10,0.87
Guinea ,SUB-SAHARAN AFRICA                 ,"9,690,222","245,857",39.40,0.13,-3.06,90.37,"2,100",35.90,2.70,3.63,2.58,93.79,2.00,41.76,15.48,237.00,362.00,401.00
Guinea-Bissau ,SUB-SAHARAN AFRICA                 ,"1,442,029","36,120",39.90,0.97,-1.57,107.17,800,42.40,7.40,10.67,8.82,80.51,2.00,37.22,16.53,0.62,0.12,0.26
Guyana ,LATIN AMER. & CARIB    ,"767,245","214,970",3.60,0.21,-2.07,33.26,"4,000",98.80,143.50,2.44,0.15,97.41,2.00,18.28,8.28,0.37,203.00,427.00
Haiti ,LATIN AMER. & CARIB    ,"8,308,504","27,750",299.40,6.38,-3.40,73.45,"1,600",52.90,16.90,28.30,11.61,60.09,2.00,36.44,12.17,0.28,0.20,0.52
Honduras ,LATIN AMER. & CARIB    ,"7,326,496","112,090",65.40,0.73,-1.99,29.32,"2,600",76.20,67.50,9.55,3.22,87.23,2.00,28.24,5.28,139.00,312.00,549.00
Hong Kong ,ASIA (EX. NEAR EAST)         ,"6,940,432","1,092","6,355.70",67.12,5.24,2.97,"28,800",93.50,546.70,5.05,1.01,93.94,2.00,7.29,6.29,1.00,92.00,906.00
Hungary ,EASTERN EUROPE                     ,"9,981,334","93,030",107.30,0.00,0.86,8.57,"13,900",99.40,336.20,50.09,2.06,47.85,3.00,9.72,13.11,37.00,312.00,651.00
Iceland ,WESTERN EUROPE                     ,"299,388","103,000",2.90,4.83,2.38,3.31,"30,900",99.90,647.70,0.07,0.00,99.93,3.00,13.64,6.72,86.00,0.15,765.00
India ,ASIA (EX. NEAR EAST)         ,"1,095,351,995","3,287,590",333.20,0.21,-0.07,56.29,"2,900",59.50,45.40,54.40,2.74,42.86,2.50,22.01,8.18,186.00,276.00,538.00
Indonesia ,ASIA (EX. NEAR EAST)         ,"245,452,739","1,919,440",127.90,2.85,0.00,35.60,"3,200",87.90,52.00,11.32,7.23,81.45,2.00,20.34,6.25,134.00,458.00,408.00
Iran ,ASIA (EX. NEAR EAST)         ,"68,688,433","1,648,000",41.70,0.15,-0.84,41.58,"7,000",79.40,276.40,8.72,1.39,89.89,1.00,17.00,5.55,116.00,424.00,0.46
Iraq ,NEAR EAST                          ,"26,783,383","437,072",61.30,0.01,0.00,50.25,"1,500",40.40,38.60,13.15,0.78,86.07,1.00,31.98,5.37,73.00,666.00,261.00
Ireland ,WESTERN EUROPE                     ,"4,062,235","70,280",57.80,2.06,4.99,5.39,"29,600",98.00,500.50,15.20,0.03,84.77,3.00,14.45,7.82,0.05,0.46,0.49
Isle of Man ,WESTERN EUROPE                     ,"75,441",572,131.90,27.97,5.36,5.93,"21,000",,676.00,9.00,0.00,91.00,3.00,11.05,11.19,0.01,0.13,0.86
Israel ,NEAR EAST                          ,"6,352,117","20,770",305.80,1.31,0.68,7.03,"19,800",95.40,462.30,16.39,4.17,79.44,3.00,17.97,6.18,26.00,317.00,657.00
Italy ,WESTERN EUROPE                     ,"58,133,509","301,230",193.00,2.52,2.07,5.94,"26,700",98.60,430.90,27.79,9.53,62.68,,8.72,10.40,21.00,291.00,688.00
Jamaica ,LATIN AMER. & CARIB    ,"2,758,124","10,991",250.90,9.30,-4.92,12.36,"3,900",87.90,124.00,16.07,10.16,73.77,2.00,20.82,6.52,49.00,337.00,615.00
Japan ,ASIA (EX. NEAR EAST)         ,"127,463,611","377,835",337.40,7.87,0.00,3.26,"28,200",99.00,461.20,12.19,0.96,86.85,3.00,9.37,9.16,17.00,258.00,725.00
Jersey ,WESTERN EUROPE                     ,"91,084",116,785.20,60.34,2.76,5.24,"24,800",,811.30,0.00,0.00,100.00,3.00,9.30,9.28,0.05,0.02,0.93
Jordan ,NEAR EAST                          ,"5,906,760","92,300",64.00,0.03,6.59,17.35,"4,300",91.30,104.50,2.67,1.83,95.50,1.00,21.25,2.65,33.00,287.00,0.68
Kazakhstan ,C.W. OF IND. STATES ,"15,233,244","2,717,300",5.60,0.00,-3.35,29.21,"6,300",98.40,164.10,7.98,0.05,91.97,4.00,16.00,9.42,67.00,386.00,547.00
Kenya ,SUB-SAHARAN AFRICA                 ,"34,707,817","582,650",59.60,0.09,-0.10,61.47,"1,000",85.10,8.10,8.08,0.98,90.94,1.50,39.72,14.02,163.00,188.00,651.00
Kiribati ,OCEANIA                            ,"105,432",811,130.00,140.94,0.00,48.52,800,,42.70,2.74,50.68,46.58,2.00,30.65,8.26,89.00,242.00,668.00
"Korea, North ",ASIA (EX. NEAR EAST)         ,"23,113,019","120,540",191.80,2.07,0.00,24.04,"1,300",99.00,42.40,20.76,2.49,76.75,3.00,15.54,7.13,0.30,0.34,0.36
"Korea, South ",ASIA (EX. NEAR EAST)         ,"48,846,823","98,480",496.00,2.45,0.00,7.05,"17,800",97.90,486.10,17.18,1.95,80.87,3.00,10.00,5.85,33.00,403.00,563.00
Kuwait ,NEAR EAST                          ,"2,418,393","17,820",135.70,2.80,14.18,9.95,"19,000",83.50,211.00,0.73,0.11,99.16,1.00,21.94,2.41,4.00,479.00,516.00
Kyrgyzstan ,C.W. OF IND. STATES ,"5,213,898","198,500",26.30,0.00,-2.45,35.64,"1,600",97.00,84.00,7.30,0.35,92.35,2.50,22.80,7.08,353.00,208.00,439.00
Laos ,ASIA (EX. NEAR EAST)         ,"6,368,481","236,800",26.90,0.00,0.00,85.22,"1,700",66.40,14.10,3.80,0.35,95.85,2.00,35.49,11.55,455.00,287.00,258.00
Latvia ,BALTICS                            ,"2,274,735","64,589",35.20,0.82,-2.23,9.55,"10,200",99.80,321.40,29.67,0.47,69.86,3.00,9.24,13.66,0.04,261.00,699.00
Lebanon ,NEAR EAST                          ,"3,874,050","10,400",372.50,2.16,0.00,24.52,"4,800",87.40,255.60,16.62,13.98,69.40,,18.52,6.21,0.12,0.21,0.67
Lesotho ,SUB-SAHARAN AFRICA                 ,"2,022,331","30,355",66.60,0.00,-0.74,84.23,"3,000",84.80,23.70,10.87,0.13,89.00,3.00,24.75,28.71,163.00,443.00,394.00
Liberia ,SUB-SAHARAN AFRICA                 ,"3,042,004","111,370",27.30,0.52,0.00,128.87,"1,000",57.50,2.30,3.95,2.28,93.77,2.00,44.77,23.10,769.00,54.00,177.00
Libya ,NORTHERN AFRICA                    ,"5,900,754","1,759,540",3.40,0.10,0.00,24.60,"6,400",82.60,127.10,1.03,0.19,98.78,,26.49,3.48,76.00,499.00,425.00
Liechtenstein ,WESTERN EUROPE                     ,"33,987",160,212.40,0.00,4.85,4.70,"25,000",100.00,585.50,25.00,0.00,75.00,4.00,10.21,7.18,0.06,0.39,0.55
Lithuania ,BALTICS                            ,"3,585,906","65,200",55.00,0.14,-0.71,6.89,"11,400",99.60,223.40,45.22,0.91,53.87,,8.75,10.98,55.00,325.00,0.62
Luxembourg ,WESTERN EUROPE                     ,"474,413","2,586",183.50,0.00,8.97,4.81,"55,100",100.00,515.40,23.28,0.40,76.32,,11.94,8.41,0.01,0.13,0.86
Macau ,ASIA (EX. NEAR EAST)         ,"453,125",28,"16,183.00",146.43,4.86,4.39,"19,400",94.50,384.90,0.00,0.00,100.00,2.00,8.48,4.47,1.00,72.00,927.00
Macedonia ,EASTERN EUROPE                     ,"2,050,554","25,333",80.90,0.00,-1.45,10.09,"6,700",,260.00,22.26,1.81,75.93,3.00,12.02,8.77,118.00,319.00,563.00
Madagascar ,SUB-SAHARAN AFRICA                 ,"18,595,469","587,040",31.70,0.82,0.00,76.83,800,68.90,3.60,5.07,1.03,93.91,2.00,41.41,11.11,276.00,165.00,559.00
Malawi ,SUB-SAHARAN AFRICA                 ,"13,013,926","118,480",109.80,0.00,0.00,103.32,600,62.70,7.90,23.38,1.49,75.13,2.00,43.13,19.33,342.00,158.00,499.00
Malaysia ,ASIA (EX. NEAR EAST)         ,"24,385,858","329,750",74.00,1.42,0.00,17.70,"9,000",88.70,179.00,5.48,17.61,76.91,2.00,22.86,5.05,84.00,0.48,436.00
Maldives ,ASIA (EX. NEAR EAST)         ,"359,008",300,"1,196.70",214.67,0.00,56.52,"3,900",97.20,90.00,13.33,16.67,70.00,2.00,34.81,7.06,0.20,0.18,0.62
Mali ,SUB-SAHARAN AFRICA                 ,"11,716,829","1,240,000",9.50,0.00,-0.33,116.79,900,46.40,6.40,3.82,0.03,96.15,2.00,49.82,16.89,0.45,0.17,0.38
Malta ,WESTERN EUROPE                     ,"400,214",316,"1,266.50",62.28,2.07,3.89,"17,700",92.80,505.00,28.13,3.13,68.74,,10.22,8.10,0.03,0.23,0.74
Marshall Islands ,OCEANIA                            ,"60,422","11,854",5.10,3.12,-6.04,29.45,"1,600",93.70,91.20,16.67,38.89,44.44,2.00,33.05,4.78,317.00,149.00,534.00
Martinique ,LATIN AMER. & CARIB    ,"436,131","1,100",396.50,31.82,-0.05,7.09,"14,400",97.70,394.40,10.38,9.43,80.19,2.00,13.74,6.48,0.06,0.11,0.83
Mauritania ,SUB-SAHARAN AFRICA                 ,"3,177,388","1,030,700",3.10,0.07,0.00,70.89,"1,800",41.70,12.90,0.48,0.01,99.51,1.00,40.99,12.16,0.25,0.29,0.46
Mauritius ,SUB-SAHARAN AFRICA                 ,"1,240,827","2,040",608.30,8.68,-0.90,15.03,"11,400",85.60,289.30,49.26,2.96,47.78,2.00,15.43,6.86,59.00,298.00,643.00
Mayotte ,SUB-SAHARAN AFRICA                 ,"201,234",374,538.10,49.52,6.78,62.40,"2,600",,49.70,,,,2.00,40.95,7.70,,,
Mexico ,LATIN AMER. & CARIB    ,"107,449,525","1,972,550",54.50,0.47,-4.87,20.91,"9,000",92.20,181.60,12.99,1.31,85.70,1.50,20.69,4.74,38.00,259.00,702.00
"Micronesia, Fed. St. ",OCEANIA                            ,"108,004",702,153.90,870.66,-20.99,30.21,"2,000",89.00,114.80,5.71,45.71,48.58,2.00,24.68,4.75,289.00,152.00,559.00
Moldova ,C.W. OF IND. STATES ,"4,466,706","33,843",132.00,0.00,-0.26,40.42,"1,800",99.10,208.10,55.30,10.79,33.91,,15.70,12.64,213.00,233.00,555.00
Monaco ,WESTERN EUROPE                     ,"32,543",2,"16,271.50",205.00,7.75,5.43,"27,000",99.00,"1,035.60",0.00,0.00,100.00,,9.19,12.91,0.17,,
Mongolia ,ASIA (EX. NEAR EAST)         ,"2,832,224","1,564,116",1.80,0.00,0.00,53.79,"1,800",97.80,55.10,0.77,0.00,99.23,1.00,21.59,6.95,206.00,214.00,0.58
Montserrat ,LATIN AMER. & CARIB    ,"9,439",102,92.50,39.22,0.00,7.35,"3,400",97.00,,20.00,0.00,80.00,2.00,17.59,7.10,,,
Morocco ,NORTHERN AFRICA                    ,"33,241,259","446,550",74.40,0.41,-0.98,41.62,"4,000",51.70,40.40,19.61,2.17,78.22,,21.98,5.58,217.00,357.00,426.00
Mozambique ,SUB-SAHARAN AFRICA                 ,"19,686,505","801,590",24.60,0.31,0.00,130.79,"1,200",47.80,3.50,5.10,0.30,94.60,2.00,35.18,21.35,262.00,348.00,0.39
Namibia ,SUB-SAHARAN AFRICA                 ,"2,044,147","825,418",2.50,0.19,0.00,48.98,"7,200",84.00,62.60,0.99,0.00,99.01,1.00,24.32,18.86,97.00,315.00,588.00
Nauru ,OCEANIA                            ,"13,287",21,632.70,142.86,0.00,9.95,"5,000",,143.00,0.00,0.00,100.00,2.00,24.76,6.70,,,
Nepal ,ASIA (EX. NEAR EAST)         ,"28,287,147","147,181",192.20,0.00,0.00,66.98,"1,400",45.20,15.90,21.68,0.64,77.68,,30.98,9.31,0.38,0.21,0.41
Netherlands ,WESTERN EUROPE                     ,"16,491,461","41,526",397.10,1.09,2.91,5.04,"28,600",99.00,460.80,26.71,0.97,72.32,3.00,10.90,8.68,21.00,244.00,736.00
Netherlands Antilles ,LATIN AMER. & CARIB    ,"221,736",960,231.00,37.92,-0.41,10.03,"11,400",96.70,365.30,10.00,0.00,90.00,2.00,14.78,6.45,0.01,0.15,0.84
New Caledonia ,OCEANIA                            ,"219,246","19,060",11.50,11.83,0.00,7.72,"15,000",91.00,252.20,0.38,0.33,99.29,2.00,18.11,5.69,0.15,88.00,762.00
New Zealand ,OCEANIA                            ,"4,076,140","268,680",15.20,5.63,4.05,5.85,"21,600",99.00,441.70,5.60,6.99,87.41,3.00,13.76,7.53,43.00,273.00,684.00
Nicaragua ,LATIN AMER. & CARIB    ,"5,570,129","129,494",43.00,0.70,-1.22,29.11,"2,300",67.50,39.70,15.94,1.94,82.12,2.00,24.51,4.45,165.00,275.00,0.56
Niger ,SUB-SAHARAN AFRICA                 ,"12,525,094","1,267,000",9.90,0.00,-0.67,121.69,800,17.60,1.90,3.54,0.01,96.45,1.00,50.73,20.91,0.39,0.17,0.44
Nigeria ,SUB-SAHARAN AFRICA                 ,"131,859,731","923,768",142.70,0.09,0.26,98.80,900,68.00,9.30,31.29,2.96,65.75,1.50,40.43,16.94,269.00,487.00,244.00
N. Mariana Islands ,OCEANIA                            ,"82,459",477,172.90,310.69,9.61,7.11,"12,500",97.00,254.70,13.04,4.35,82.61,2.00,19.43,2.29,,,
Norway ,WESTERN EUROPE                     ,"4,610,820","323,802",14.20,7.77,1.74,3.70,"37,800",100.00,461.70,2.87,0.00,97.13,3.00,11.46,9.40,21.00,415.00,564.00
Oman ,NEAR EAST                          ,"3,102,229","212,460",14.60,0.98,0.28,19.51,"13,100",75.80,85.50,0.00,0.14,99.74,1.00,36.24,3.81,27.00,0.39,583.00
Pakistan ,ASIA (EX. NEAR EAST)         ,"165,803,560","803,940",206.20,0.13,-2.77,72.44,"2,100",45.70,31.80,27.87,0.87,71.26,1.00,29.74,8.23,216.00,251.00,533.00
Palau ,OCEANIA                            ,"20,579",458,44.90,331.66,2.85,14.84,"9,000",92.00,325.60,8.70,4.35,86.95,2.00,18.03,6.80,62.00,0.12,818.00
Panama ,LATIN AMER. & CARIB    ,"3,191,319","78,200",40.80,3.18,-0.91,20.47,"6,300",92.60,137.90,7.36,1.98,90.66,2.00,21.74,5.36,68.00,156.00,776.00
Papua New Guinea ,OCEANIA                            ,"5,670,544","462,840",12.30,1.11,0.00,51.45,"2,200",64.60,10.90,0.46,1.44,98.10,2.00,29.36,7.25,353.00,381.00,266.00
Paraguay ,LATIN AMER. & CARIB    ,"6,506,464","406,750",16.00,0.00,-0.08,25.63,"4,700",94.00,49.20,7.60,0.23,92.17,2.00,29.10,4.49,224.00,207.00,569.00
Peru ,LATIN AMER. & CARIB    ,"28,302,603","1,285,220",22.00,0.19,-1.05,31.94,"5,100",90.90,79.50,2.89,0.40,96.71,1.50,20.48,6.23,0.08,0.27,0.65
Philippines ,ASIA (EX. NEAR EAST)         ,"89,468,677","300,000",298.20,12.10,-1.50,23.51,"4,600",92.60,38.40,18.95,16.77,64.28,2.00,24.89,5.41,144.00,326.00,0.53
Poland ,EASTERN EUROPE                     ,"38,536,869","312,685",123.30,0.16,-0.49,8.51,"11,100",99.80,306.30,45.91,1.12,52.97,3.00,9.85,9.89,0.05,311.00,0.64
Portugal ,WESTERN EUROPE                     ,"10,605,870","92,391",114.80,1.94,3.57,5.05,"18,000",93.30,399.20,21.75,7.81,70.44,3.00,10.72,10.50,53.00,274.00,673.00
Puerto Rico ,LATIN AMER. & CARIB    ,"3,927,188","13,790",284.80,3.63,-1.46,8.24,"16,800",94.10,283.10,3.95,5.52,90.53,2.00,12.77,7.65,0.01,0.45,0.54
Qatar ,NEAR EAST                          ,"885,359","11,437",77.40,4.92,16.29,18.61,"21,500",82.50,232.00,1.64,0.27,98.09,1.00,15.56,4.72,2.00,801.00,197.00
Reunion ,SUB-SAHARAN AFRICA                 ,"787,584","2,517",312.90,8.22,0.00,7.78,"5,800",88.90,380.90,13.60,1.20,85.20,2.00,18.90,5.49,0.08,0.19,0.73
Romania ,EASTERN EUROPE                     ,"22,303,552","237,500",93.90,0.09,-0.13,26.43,"7,000",98.40,196.90,40.82,2.25,56.93,3.00,10.70,11.77,101.00,0.35,549.00
Russia ,C.W. OF IND. STATES ,"142,893,540","17,075,200",8.40,0.22,1.02,15.39,"8,900",99.60,280.60,7.33,0.11,92.56,,9.95,14.65,54.00,371.00,575.00
Rwanda ,SUB-SAHARAN AFRICA                 ,"8,648,248","26,338",328.40,0.00,0.00,91.23,"1,300",70.40,2.70,40.54,12.16,47.30,3.00,40.37,16.09,401.00,229.00,0.37
Saint Helena ,SUB-SAHARAN AFRICA                 ,"7,502",413,18.20,14.53,0.00,19.00,"2,500",97.00,293.30,12.90,0.00,87.10,,12.13,6.53,,,
Saint Kitts & Nevis ,LATIN AMER. & CARIB    ,"39,129",261,149.90,51.72,-7.11,14.49,"8,800",97.00,638.90,19.44,2.78,77.78,2.00,18.02,8.33,35.00,258.00,707.00
Saint Lucia ,LATIN AMER. & CARIB    ,"168,458",616,273.50,25.65,-2.67,13.53,"5,400",67.00,303.30,6.56,22.95,70.49,2.00,19.68,5.08,0.07,0.20,0.73
St Pierre & Miquelon ,NORTHERN AMERICA                   ,"7,026",242,29.00,49.59,-4.86,7.54,"6,900",99.00,683.20,13.04,0.00,86.96,,13.52,6.83,,,
Saint Vincent and the Grenadines ,LATIN AMER. & CARIB    ,"117,848",389,303.00,21.59,-7.64,14.78,"2,900",96.00,190.90,17.95,17.95,64.10,2.00,16.18,5.98,0.10,0.26,0.64
Samoa ,OCEANIA                            ,"176,908","2,944",60.10,13.69,-11.70,27.71,"5,600",99.70,75.20,21.20,24.38,54.42,2.00,16.43,6.62,114.00,584.00,302.00
San Marino ,WESTERN EUROPE                     ,"29,251",61,479.50,0.00,10.98,5.73,"34,600",96.00,704.30,16.67,0.00,83.33,,10.02,8.17,,,
Sao Tome & Principe ,SUB-SAHARAN AFRICA                 ,"193,413","1,001",193.20,20.88,-2.72,43.11,"1,200",79.30,36.20,6.25,48.96,44.79,2.00,40.25,6.47,167.00,148.00,684.00
Saudi Arabia ,NEAR EAST                          ,"27,019,731","1,960,582",13.80,0.13,-2.71,13.24,"11,800",78.80,140.60,1.67,0.09,98.24,1.00,29.34,2.58,33.00,613.00,354.00
Senegal ,SUB-SAHARAN AFRICA                 ,"11,987,121","196,190",61.10,0.27,0.20,55.51,"1,600",40.20,22.20,12.78,0.21,87.01,2.00,32.78,9.42,172.00,209.00,619.00
Serbia ,EASTERN EUROPE                     ,"9,396,411","88,361",106.30,0.00,-1.33,12.89,"2,200",93.00,285.80,33.35,3.20,63.45,,,,166.00,255.00,579.00
Seychelles ,SUB-SAHARAN AFRICA                 ,"81,541",455,179.20,107.91,-5.69,15.53,"7,800",58.00,262.40,2.22,13.33,84.45,2.00,16.03,6.29,32.00,304.00,665.00
Sierra Leone ,SUB-SAHARAN AFRICA                 ,"6,005,250","71,740",83.70,0.56,0.00,143.64,500,31.40,4.00,6.98,0.89,92.13,2.00,45.76,23.03,0.49,0.31,0.21
Singapore ,ASIA (EX. NEAR EAST)         ,"4,492,150",693,"6,482.20",27.85,11.53,2.29,"23,700",92.50,411.40,1.64,0.00,98.36,2.00,9.34,4.28,0.00,339.00,661.00
Slovakia ,EASTERN EUROPE                     ,"5,439,448","48,845",111.40,0.00,0.30,7.41,"13,300",,220.10,30.16,2.62,67.22,3.00,10.65,9.45,35.00,294.00,672.00
Slovenia ,EASTERN EUROPE                     ,"2,010,347","20,273",99.20,0.23,1.12,4.45,"19,000",99.70,406.10,8.60,1.49,89.91,,8.98,10.31,28.00,369.00,603.00
Solomon Islands ,OCEANIA                            ,"552,438","28,450",19.40,18.67,0.00,21.29,"1,700",,13.40,0.64,2.00,97.36,2.00,30.01,3.92,0.42,0.11,0.47
Somalia ,SUB-SAHARAN AFRICA                 ,"8,863,338","637,657",13.90,0.47,5.37,116.70,500,37.80,11.30,1.67,0.04,98.29,1.00,45.13,16.63,0.65,0.10,0.25
South Africa ,SUB-SAHARAN AFRICA                 ,"44,187,637","1,219,912",36.20,0.23,-0.29,61.81,"10,700",86.40,107.00,12.08,0.79,87.13,1.00,18.20,22.00,25.00,303.00,671.00
Spain ,WESTERN EUROPE                     ,"40,397,842","504,782",80.00,0.98,0.99,4.42,"22,000",97.90,453.50,26.07,9.87,64.06,3.00,10.06,9.72,0.04,295.00,665.00
Sri Lanka ,ASIA (EX. NEAR EAST)         ,"20,222,240","65,610",308.20,2.04,-1.31,14.35,"3,700",92.30,61.50,13.86,15.70,70.44,2.00,15.51,6.52,178.00,276.00,545.00
Sudan ,SUB-SAHARAN AFRICA                 ,"41,236,378","2,505,810",16.50,0.03,-0.02,62.50,"1,900",61.10,16.30,6.83,0.18,92.99,2.00,34.53,8.97,387.00,203.00,0.41
Suriname ,LATIN AMER. & CARIB    ,"439,117","163,270",2.70,0.24,-8.81,23.57,"4,000",93.00,184.70,0.37,0.06,99.57,2.00,18.02,7.27,0.13,0.22,0.65
Swaziland ,SUB-SAHARAN AFRICA                 ,"1,136,334","17,363",65.50,0.00,0.00,69.27,"4,900",81.60,30.80,10.35,0.70,88.95,2.50,27.41,29.74,119.00,515.00,366.00
Sweden ,WESTERN EUROPE                     ,"9,016,596","449,964",20.00,0.72,1.67,2.77,"26,800",99.00,715.00,6.54,0.01,93.45,3.00,10.27,10.31,11.00,282.00,707.00
Switzerland ,WESTERN EUROPE                     ,"7,523,934","41,290",182.20,0.00,4.05,4.39,"32,700",99.00,680.90,10.42,0.61,88.97,3.00,9.71,8.49,15.00,0.34,645.00
Syria ,NEAR EAST                          ,"18,881,361","185,180",102.00,0.10,0.00,29.53,"3,300",76.90,153.80,25.22,4.43,70.35,1.00,27.76,4.81,249.00,0.23,519.00
Taiwan ,ASIA (EX. NEAR EAST)         ,"23,036,087","35,980",640.30,4.35,0.00,6.40,"23,400",96.10,591.00,24.00,1.00,75.00,2.00,12.56,6.48,18.00,259.00,723.00
Tajikistan ,C.W. OF IND. STATES ,"7,320,815","143,100",51.20,0.00,-2.86,110.76,"1,000",99.40,33.50,6.61,0.92,92.47,2.00,32.65,8.25,234.00,286.00,0.48
Tanzania ,SUB-SAHARAN AFRICA                 ,"37,445,392","945,087",39.60,0.15,-2.06,98.54,600,78.20,4.00,4.52,1.08,94.40,,37.71,16.39,432.00,172.00,396.00
Thailand ,ASIA (EX. NEAR EAST)         ,"64,631,595","514,000",125.70,0.63,0.00,20.48,"7,400",92.60,108.90,29.36,6.46,64.18,2.00,13.87,7.04,99.00,441.00,0.46
Togo ,SUB-SAHARAN AFRICA                 ,"5,548,702","56,785",97.70,0.10,0.00,66.61,"1,500",60.90,10.60,46.15,2.21,51.64,2.00,37.01,9.83,395.00,204.00,401.00
Tonga ,OCEANIA                            ,"114,689",748,153.30,56.02,0.00,12.62,"2,200",98.50,97.70,23.61,43.06,33.33,2.00,25.37,5.28,0.23,0.27,0.50
Trinidad & Tobago ,LATIN AMER. & CARIB    ,"1,065,842","5,128",207.90,7.06,-10.83,24.31,"9,500",98.60,303.50,14.62,9.16,76.22,2.00,12.90,10.57,7.00,0.57,423.00
Tunisia ,NORTHERN AFRICA                    ,"10,175,014","163,610",62.20,0.70,-0.57,24.77,"6,900",74.20,123.60,17.86,13.74,68.40,3.00,15.52,5.13,132.00,318.00,0.55
Turkey ,NEAR EAST                          ,"70,413,958","780,580",90.20,0.92,0.00,41.04,"6,700",86.50,269.50,30.93,3.31,65.76,3.00,16.62,5.97,117.00,298.00,585.00
Turkmenistan ,C.W. OF IND. STATES ,"5,042,920","488,100",10.30,0.00,-0.86,73.08,"5,800",98.00,74.60,3.72,0.14,96.14,1.00,27.61,8.60,209.00,0.38,411.00
Turks & Caicos Is ,LATIN AMER. & CARIB    ,"21,152",430,49.20,90.47,11.68,15.67,"9,600",98.00,269.50,2.33,0.00,97.67,2.00,21.84,4.21,,,
Tuvalu ,OCEANIA                            ,"11,810",26,454.20,92.31,0.00,20.03,"1,100",,59.30,0.00,0.00,100.00,2.00,22.18,7.11,166.00,272.00,562.00
Uganda ,SUB-SAHARAN AFRICA                 ,"28,195,754","236,040",119.50,0.00,0.00,67.83,"1,400",69.90,3.60,25.88,10.65,63.47,2.00,47.35,12.24,311.00,222.00,469.00
Ukraine ,C.W. OF IND. STATES ,"46,710,816","603,700",77.40,0.46,-0.39,20.34,"5,400",99.70,259.90,56.21,1.61,42.18,3.00,8.82,14.39,187.00,452.00,361.00
United Arab Emirates ,NEAR EAST                          ,"2,602,713","82,880",31.40,1.59,1.03,14.51,"23,200",77.90,475.30,0.60,2.25,97.15,1.00,18.96,4.40,0.04,585.00,375.00
United Kingdom ,WESTERN EUROPE                     ,"60,609,153","244,820",247.60,5.08,2.19,5.16,"27,700",99.00,543.50,23.46,0.21,76.33,3.00,10.71,10.13,5.00,237.00,758.00
United States ,NORTHERN AMERICA                   ,"298,444,215","9,631,420",31.00,0.21,3.41,6.50,"37,800",97.00,898.00,19.13,0.22,80.65,3.00,14.14,8.26,0.01,204.00,787.00
Uruguay ,LATIN AMER. & CARIB    ,"3,431,932","176,220",19.50,0.37,-0.32,11.95,"12,800",98.00,291.40,7.43,0.23,92.34,3.00,13.91,9.05,93.00,311.00,596.00
Uzbekistan ,C.W. OF IND. STATES ,"27,307,134","447,400",61.00,0.00,-1.72,71.10,"1,700",99.30,62.90,10.83,0.83,88.34,1.00,26.36,7.84,342.00,229.00,0.43
Vanuatu ,OCEANIA                            ,"208,869","12,200",17.10,20.72,0.00,55.16,"2,900",53.00,32.60,2.46,7.38,90.16,2.00,22.72,7.82,0.26,0.12,0.62
Venezuela ,LATIN AMER. & CARIB    ,"25,730,435","912,050",28.20,0.31,-0.04,22.20,"4,800",93.40,140.10,2.95,0.92,96.13,2.00,18.71,4.92,0.04,419.00,541.00
Vietnam ,ASIA (EX. NEAR EAST)         ,"84,402,966","329,560",256.10,1.05,-0.45,25.95,"2,500",90.30,187.70,19.97,5.95,74.08,2.00,16.86,6.22,209.00,0.41,381.00
Virgin Islands ,LATIN AMER. & CARIB    ,"108,605","1,910",56.90,9.84,-8.94,8.03,"17,200",,652.80,11.76,2.94,85.30,2.00,13.96,6.43,0.01,0.19,0.80
Wallis and Futuna ,OCEANIA                            ,"16,025",274,58.50,47.08,,,"3,700",50.00,118.60,5.00,25.00,70.00,2.00,,,,,
West Bank ,NEAR EAST                          ,"2,460,492","5,860",419.90,0.00,2.98,19.62,800,,145.20,16.90,18.97,64.13,3.00,31.67,3.92,0.09,0.28,0.63
Western Sahara ,NORTHERN AFRICA                    ,"273,008","266,000",1.00,0.42,,,,,,0.02,0.00,99.98,1.00,,,,,0.40
Yemen ,NEAR EAST                          ,"21,456,188","527,970",40.60,0.36,0.00,61.50,800,50.20,37.20,2.78,0.24,96.98,1.00,42.89,8.30,135.00,472.00,393.00
Zambia ,SUB-SAHARAN AFRICA                 ,"11,502,010","752,614",15.30,0.00,0.00,88.29,800,80.60,8.20,7.08,0.03,92.90,2.00,41.00,19.93,0.22,0.29,489.00
Zimbabwe ,SUB-SAHARAN AFRICA                 ,"12,236,805","390,580",31.30,0.00,0.00,67.69,"1,900",90.70,26.80,8.32,0.34,91.34,2.00,28.01,21.84,179.00,243.00,579.00