,Music,Techno,Movies,History,Mathematics,Pets,Spiders,Loneliness,Parents Advice,Internet usage,Finances,Age,Siblings,Gender,Village - town
0,5,1,5,1,3,4,1,3,4,few hours a day,3,20,1,female,village
1,4,1,5,1,5,5,1,2,2,few hours a day,3,19,2,female,city
2,5,1,5,1,5,5,1,5,3,few hours a day,2,20,2,female,city
3,5,2,5,4,4,1,5,5,2,most of the day,2,22,1,female,city
4,5,2,5,3,2,1,1,3,3,few hours a day,4,20,1,female,village
5,5,1,5,5,2,2,1,2,3,few hours a day,2,20,1,male,city
6,5,5,4,3,1,5,1,3,4,less than an hour a day,4,20,1,female,village
7,5,3,5,5,1,5,1,2,3,few hours a day,3,19,1,male,city
8,5,1,5,3,1,1,5,4,4,few hours a day,2,18,1,female,city
9,5,1,5,3,3,2,3,2,3,few hours a day,4,19,3,female,city
10,5,4,5,3,2,5,2,2,4,less than an hour a day,2,19,2,female,city
11,5,1,5,2,1,1,5,4,4,few hours a day,2,17,1,female,city
12,5,1,5,4,1,2,1,5,4,few hours a day,4,24,10,female,city
13,5,1,5,2,1,5,3,2,3,few hours a day,3,19,1,female,city
14,5,1,4,2,1,5,2,2,4,most of the day,5,22,1,female,city
15,1,1,5,5,3,1,1,4,4,few hours a day,3,18,0,male,city
16,5,4,5,1,1,5,5,2,3,few hours a day,3,19,2,female,city
17,5,1,5,3,1,5,4,4,1,few hours a day,1,20,1,female,village
18,5,4,5,3,5,4,1,4,3,few hours a day,4,18,2,male,city
19,5,3,3,2,3,1,4,2,2,few hours a day,2,18,1,male,city
20,5,3,5,5,2,3,2,2,3,few hours a day,2,20,1,male,city
21,5,1,5,4,3,5,1,4,3,few hours a day,2,24,1,male,city
22,5,3,5,3,1,5,5,3,3,few hours a day,5,22,1,female,city
23,5,1,5,2,2,5,3,3,2,few hours a day,2,20,3,female,city
24,5,3,5,4,2,3,5,4,4,few hours a day,3,19,1,female,city
25,5,2,5,2,3,3,5,2,4,few hours a day,2,20,1,female,city
26,5,2,5,3,2,5,1,4,5,few hours a day,5,22,1,female,city
27,4,4,5,2,1,5,5,3,4,few hours a day,3,19,1,female,city
28,5,3,5,5,1,3,4,3,3,few hours a day,3,20,2,male,village
29,5,3,5,5,2,2,5,3,3,few hours a day,4,19,2,female,village
30,4,3,5,2,1,3,5,2,3,few hours a day,2,25,1,male,city
31,4,1,4,4,2,1,2,2,3,less than an hour a day,4,22,1,female,city
32,5,3,5,4,1,5,5,1,3,few hours a day,1,20,4,female,city
33,5,1,4,5,2,5,4,3,4,few hours a day,2,27,1,female,city
34,5,1,5,4,3,1,2,2,2,few hours a day,3,20,5,male,city
35,5,1,5,1,1,5,4,3,3,few hours a day,3,19,1,female,village
36,5,1,5,4,3,5,5,2,5,few hours a day,5,18,1,female,city
37,5,1,4,3,3,3,,3,3,few hours a day,3,21,1,male,city
38,5,4,5,3,3,5,5,4,4,few hours a day,5,23,1,female,village
39,5,2,4,4,1,5,5,4,3,few hours a day,3,21,1,female,city
40,4,3,5,2,2,2,5,3,1,few hours a day,3,26,1,female,city
41,5,5,3,5,5,3,1,1,3,few hours a day,3,20,3,male,city
42,5,3,5,2,5,5,5,3,2,few hours a day,5,19,0,female,city
43,5,3,5,2,1,5,5,3,3,most of the day,3,20,1,female,city
44,4,4,5,4,3,5,5,4,3,few hours a day,4,25,1,female,village
45,5,3,5,5,5,4,5,4,1,most of the day,4,27,1,male,
46,5,2,5,4,2,4,1,2,4,few hours a day,3,21,1,female,city
47,5,2,5,2,2,5,1,2,3,few hours a day,3,19,1,female,city
48,5,2,3,2,2,2,2,5,3,few hours a day,4,20,1,female,village
49,5,2,5,2,1,5,5,4,3,few hours a day,4,20,1,female,city
50,4,1,5,3,4,5,2,3,3,few hours a day,4,19,2,female,city
51,5,3,5,2,5,4,5,2,4,less than an hour a day,5,19,1,female,city
52,5,2,5,5,3,3,5,3,3,few hours a day,1,21,2,female,village
53,5,2,5,3,1,1,5,3,4,less than an hour a day,3,18,4,female,city
54,5,4,5,5,1,1,3,3,3,few hours a day,3,21,2,female,city
55,5,5,5,4,2,5,5,3,2,few hours a day,5,23,1,female,village
56,5,1,5,3,4,3,3,5,3,few hours a day,3,20,2,female,city
57,5,1,5,5,1,5,5,2,5,few hours a day,5,21,1,female,city
58,5,3,5,3,3,3,1,5,4,few hours a day,5,19,1,male,village
59,5,4,5,4,1,1,2,3,3,few hours a day,1,22,1,male,city
60,5,1,5,4,4,1,2,4,3,most of the day,5,23,1,male,city
61,5,4,5,3,3,5,3,4,4,few hours a day,2,23,1,male,city
62,5,5,5,5,4,1,5,1,4,few hours a day,3,23,2,male,city
63,5,5,5,4,,3,,2,3,few hours a day,3,22,2,male,city
64,5,2,5,1,1,5,5,1,4,most of the day,1,18,0,female,city
65,4,4,5,5,2,3,1,3,3,few hours a day,1,17,1,male,city
66,4,5,4,3,5,1,1,3,3,less than an hour a day,3,20,1,male,village
67,3,1,5,2,4,4,1,2,2,few hours a day,3,24,0,female,village
68,5,4,5,2,5,4,4,4,2,few hours a day,1,18,1,female,village
69,5,1,5,2,1,4,1,3,4,most of the day,1,20,3,female,city
70,5,3,5,2,1,2,4,3,5,few hours a day,3,17,1,male,city
71,4,3,4,5,2,5,3,3,3,few hours a day,4,20,1,male,city
72,5,1,5,3,1,2,5,5,3,few hours a day,3,28,1,female,city
73,5,3,5,4,1,5,3,3,4,few hours a day,3,21,1,male,city
74,5,2,5,4,1,3,3,3,4,few hours a day,5,22,1,male,city
75,5,1,4,5,2,4,1,2,3,few hours a day,3,20,1,male,village
76,4,1,4,2,1,3,1,2,4,few hours a day,2,18,1,male,city
77,5,5,5,4,1,1,5,1,4,few hours a day,1,21,1,female,city
78,4,4,5,2,3,3,3,2,4,few hours a day,4,24,1,female,village
79,5,4,5,4,2,5,5,3,4,few hours a day,4,21,2,female,city
80,5,3,5,5,1,5,3,3,3,few hours a day,3,19,1,female,city
81,5,3,5,3,1,2,1,3,3,few hours a day,3,22,1,male,city
82,5,1,5,4,1,5,3,5,3,few hours a day,3,18,1,female,city
83,5,5,5,,1,5,5,2,2,few hours a day,3,22,2,female,city
84,5,1,5,5,1,5,3,3,4,few hours a day,1,19,0,female,city
85,5,4,5,4,5,1,2,3,2,most of the day,2,22,2,male,city
86,4,3,5,5,4,2,2,4,4,few hours a day,2,24,3,male,city
87,5,2,5,5,,3,3,1,3,few hours a day,2,18,3,female,village
88,5,5,5,5,1,5,5,5,5,few hours a day,1,21,0,female,city
89,5,1,5,3,1,2,2,3,4,few hours a day,4,22,2,female,village
90,4,1,4,1,1,3,5,3,3,most of the day,1,19,3,female,village
91,5,1,5,1,1,1,5,2,4,few hours a day,5,18,4,female,village
92,5,1,5,4,3,3,1,4,4,few hours a day,4,19,0,female,city
93,5,1,4,2,4,3,2,3,2,few hours a day,4,24,2,male,village
94,5,4,5,3,1,3,2,2,1,most of the day,3,21,1,male,city
95,5,2,5,4,1,4,4,4,2,few hours a day,1,21,1,male,city
96,5,4,2,1,1,1,4,2,2,few hours a day,1,19,1,male,city
97,5,2,5,3,4,5,2,5,3,most of the day,2,19,1,male,village
98,3,3,3,1,1,1,5,5,1,few hours a day,3,22,1,male,village
99,5,1,3,3,5,4,5,3,4,less than an hour a day,4,18,1,female,city
100,5,2,5,3,2,2,4,3,4,few hours a day,4,21,1,female,city
101,5,1,4,5,1,3,5,3,3,few hours a day,2,18,1,male,village
102,5,1,5,5,4,1,1,3,3,few hours a day,3,20,0,female,city
103,5,4,5,5,2,1,4,2,5,few hours a day,4,22,0,male,city
104,4,3,4,5,2,2,1,1,4,few hours a day,2,21,1,male,village
105,5,1,4,4,1,4,1,2,3,few hours a day,4,24,1,male,village
106,5,3,5,4,3,1,2,4,3,few hours a day,4,19,1,male,city
107,5,1,3,1,1,4,1,1,5,less than an hour a day,1,18,1,female,city
108,4,2,5,1,3,3,5,5,2,few hours a day,1,17,1,female,city
109,5,1,5,3,2,1,1,4,3,few hours a day,4,18,0,male,city
110,5,4,4,3,2,3,4,3,3,few hours a day,4,21,1,male,city
111,5,4,4,3,1,1,5,5,3,most of the day,2,22,1,female,village
112,5,4,5,2,2,3,4,3,3,less than an hour a day,4,20,1,female,city
113,3,5,4,2,1,5,3,2,4,few hours a day,2,21,1,female,village
114,5,1,5,5,1,5,5,2,4,less than an hour a day,4,19,1,female,city
115,5,3,5,2,1,3,5,5,3,few hours a day,3,17,0,female,city
116,5,1,4,2,1,4,5,5,4,few hours a day,3,21,1,female,city
117,5,1,4,2,5,5,3,4,4,few hours a day,3,18,3,female,village
118,5,1,5,3,4,4,2,3,3,few hours a day,4,23,1,male,city
119,4,3,3,4,4,3,2,2,4,few hours a day,5,16,1,female,village
120,5,3,3,5,5,5,1,2,2,most of the day,4,23,0,male,city
121,4,3,4,1,4,3,1,2,2,few hours a day,2,21,2,male,city
122,5,1,4,5,1,4,2,2,3,few hours a day,4,23,0,female,city
123,5,1,3,2,1,4,1,3,3,few hours a day,4,20,0,female,village
124,4,1,4,4,1,4,1,2,3,few hours a day,3,20,4,male,city
125,5,2,5,4,2,5,4,3,4,few hours a day,3,20,1,female,city
126,3,1,3,5,2,1,1,4,3,few hours a day,4,20,2,female,village
127,4,3,5,4,3,2,2,3,2,most of the day,2,19,1,female,city
128,5,5,5,4,3,5,1,5,3,few hours a day,5,15,3,female,city
129,5,1,5,4,1,5,2,2,3,less than an hour a day,3,20,1,female,village
130,4,3,5,5,2,1,4,1,4,few hours a day,4,19,1,female,village
131,5,3,5,1,1,3,2,3,2,few hours a day,4,18,2,male,village
132,5,1,5,1,4,5,5,5,2,most of the day,5,15,1,female,village
133,5,1,5,4,1,4,4,2,4,less than an hour a day,2,20,2,female,city
134,5,4,5,3,1,4,5,5,1,few hours a day,1,16,1,female,village
135,5,1,4,5,3,5,5,3,3,few hours a day,4,18,1,male,village
136,5,1,5,4,2,3,5,4,4,few hours a day,3,21,1,male,village
137,5,2,2,4,3,1,3,5,5,few hours a day,4,,,,village
138,5,1,5,2,1,3,1,4,5,few hours a day,4,20,4,female,village
139,5,3,5,1,2,5,3,4,4,few hours a day,2,19,1,female,village
140,5,3,5,5,2,5,2,3,4,few hours a day,3,19,3,female,city
141,3,2,3,3,5,5,1,3,3,few hours a day,1,19,1,female,city
142,5,2,4,1,2,1,4,3,2,most of the day,2,,,male,city
143,5,3,,,1,5,5,3,3,most of the day,2,20,1,female,city
144,5,4,5,3,1,3,1,4,1,few hours a day,5,21,1,male,city
145,1,3,4,2,1,2,5,3,3,few hours a day,2,19,1,female,village
146,5,,5,5,1,4,1,3,2,few hours a day,5,21,1,male,city
147,5,1,5,4,5,3,2,4,4,most of the day,4,18,2,male,city
148,4,3,4,3,4,1,2,2,4,few hours a day,4,20,3,male,village
149,2,1,3,2,5,1,1,3,3,few hours a day,3,19,5,male,city
150,5,1,5,2,3,1,5,2,3,few hours a day,3,22,1,female,city
151,5,2,5,4,2,3,3,3,3,few hours a day,4,20,1,male,city
152,5,2,5,5,2,4,2,5,4,few hours a day,2,25,2,male,city
153,2,3,3,5,1,1,5,4,4,few hours a day,3,21,0,female,city
154,5,1,4,5,3,3,5,2,3,few hours a day,4,24,1,male,city
155,5,2,4,4,3,4,2,5,5,few hours a day,5,19,1,female,city
156,5,1,5,5,1,4,1,5,3,few hours a day,4,25,1,male,city
157,5,1,5,3,2,2,2,2,4,most of the day,4,26,2,male,village
158,5,5,5,1,3,5,5,5,3,few hours a day,2,15,2,female,village
159,5,3,5,4,3,5,2,2,3,few hours a day,3,20,1,male,city
160,5,3,5,4,5,1,1,3,2,few hours a day,3,19,1,male,city
161,5,3,5,2,1,5,4,5,3,few hours a day,3,20,2,female,city
162,4,1,4,5,1,2,2,3,2,few hours a day,4,21,0,male,city
163,5,5,4,5,1,1,4,4,4,most of the day,3,22,1,male,city
164,5,3,5,3,1,4,2,3,4,most of the day,2,20,1,male,village
165,5,2,5,3,2,2,4,1,5,few hours a day,3,20,1,female,city
166,5,1,4,2,2,1,4,3,4,few hours a day,5,21,1,female,city
167,3,3,3,3,1,4,4,4,2,few hours a day,4,21,1,male,village
168,5,1,5,3,1,1,1,5,3,most of the day,3,20,0,female,city
169,5,1,5,4,1,4,5,4,3,few hours a day,5,19,2,female,village
170,4,1,3,5,5,4,3,4,4,few hours a day,5,19,1,male,city
171,5,1,5,4,1,1,1,4,3,few hours a day,3,20,0,male,city
172,5,1,3,5,3,3,1,5,4,most of the day,4,22,1,male,village
173,5,5,5,3,4,5,2,4,4,most of the day,3,21,1,male,city
174,5,1,5,5,1,3,5,3,3,few hours a day,3,26,0,male,city
175,5,2,4,1,1,5,3,3,3,few hours a day,5,17,2,female,city
176,5,2,5,1,5,4,1,2,4,less than an hour a day,4,22,2,male,village
177,5,1,5,3,1,5,1,3,3,few hours a day,3,26,2,male,city
178,4,1,3,4,3,3,2,3,3,few hours a day,4,20,1,female,city
179,4,4,4,5,2,4,5,2,3,few hours a day,5,22,1,male,city
180,4,1,4,4,4,1,1,3,2,few hours a day,4,21,0,male,city
181,5,3,4,4,2,2,1,2,4,few hours a day,3,23,0,male,city
182,5,1,5,3,2,5,5,2,4,few hours a day,2,19,0,female,city
183,5,4,5,5,2,5,3,2,2,few hours a day,4,20,1,male,city
184,5,1,5,3,1,2,2,5,3,few hours a day,2,21,0,female,city
185,3,3,5,2,5,5,3,2,3,less than an hour a day,3,19,2,female,city
186,4,2,4,3,1,4,5,2,3,less than an hour a day,3,29,2,female,city
187,5,5,4,5,1,2,1,5,3,few hours a day,2,22,1,female,city
188,3,1,2,4,1,,2,2,4,less than an hour a day,5,19,2,female,village
189,5,1,5,4,3,1,3,4,3,few hours a day,4,17,1,female,city
190,4,2,4,3,5,2,5,4,4,few hours a day,4,16,1,female,city
191,5,1,4,3,1,2,1,2,5,less than an hour a day,1,29,2,female,village
192,5,4,5,3,1,5,5,5,3,few hours a day,5,18,2,female,city
193,5,1,5,3,1,5,1,3,3,few hours a day,3,26,2,male,city
194,5,1,5,2,1,1,3,3,4,few hours a day,3,19,1,male,city
195,5,1,4,3,1,1,5,3,3,few hours a day,2,19,1,male,city
196,5,3,5,4,1,1,4,2,3,few hours a day,4,20,0,female,city
197,5,1,5,2,1,4,4,3,4,few hours a day,3,22,0,female,city
198,5,2,3,4,1,4,5,1,2,few hours a day,1,20,1,male,village
199,5,4,4,2,1,3,2,3,2,less than an hour a day,1,21,1,male,village
200,4,2,5,3,1,5,1,5,2,most of the day,4,21,2,male,city
201,5,2,5,4,1,5,1,3,4,few hours a day,2,18,0,,village
202,5,4,5,2,1,4,4,3,2,few hours a day,3,15,0,male,city
203,5,3,5,2,3,3,2,3,3,few hours a day,3,19,1,female,city
204,5,1,5,1,4,3,4,3,3,few hours a day,3,24,1,female,city
205,5,1,5,5,1,2,1,3,4,few hours a day,5,19,1,female,city
206,5,1,5,5,4,3,3,3,2,few hours a day,4,25,3,male,village
207,5,1,5,5,1,5,5,4,4,few hours a day,4,20,1,female,city
208,5,1,3,3,1,5,5,3,3,less than an hour a day,1,19,2,female,village
209,5,2,5,4,4,3,5,4,2,few hours a day,5,21,1,male,village
210,5,5,5,5,4,5,5,3,5,few hours a day,3,23,2,male,village
211,5,4,5,1,1,4,5,3,4,few hours a day,2,21,1,female,village
212,5,2,5,5,5,1,4,2,3,most of the day,3,20,1,male,city
213,5,5,5,3,3,4,3,4,4,few hours a day,5,20,1,female,village
214,4,1,5,4,3,3,5,4,3,less than an hour a day,3,18,3,female,city
215,1,1,4,3,1,1,1,2,3,few hours a day,1,27,2,male,city
216,5,2,4,3,3,1,4,3,3,few hours a day,3,17,0,female,city
217,5,2,5,2,2,5,5,3,1,few hours a day,3,19,1,female,village
218,5,3,5,2,2,5,1,4,4,few hours a day,2,18,2,male,village
219,5,5,5,5,1,,1,2,5,less than an hour a day,,26,1,male,city
220,5,1,5,3,1,5,2,2,4,few hours a day,2,18,2,male,village
221,5,4,5,3,4,4,2,2,2,few hours a day,1,30,2,male,city
222,5,1,5,2,2,1,2,5,4,few hours a day,4,24,1,female,city
223,5,2,5,4,3,5,1,2,2,few hours a day,4,20,0,female,village
224,5,1,5,2,1,1,1,4,2,few hours a day,4,20,1,male,village
225,5,2,5,3,4,3,4,3,3,few hours a day,3,20,1,male,village
226,5,3,5,2,1,5,1,5,4,few hours a day,3,25,1,,village
227,5,1,5,5,3,3,1,1,2,few hours a day,2,19,3,female,village
228,4,2,5,3,3,5,1,3,4,few hours a day,5,20,2,female,village
229,4,3,3,2,4,1,1,2,4,few hours a day,1,21,5,male,village
230,5,2,4,4,3,4,5,2,4,few hours a day,3,19,1,female,village
231,5,1,5,2,2,5,1,3,4,few hours a day,5,19,0,female,village
232,5,3,5,1,4,1,2,5,3,few hours a day,4,19,2,female,village
233,4,4,5,1,1,5,4,2,3,few hours a day,4,18,1,female,city
234,4,1,3,1,5,5,4,4,4,few hours a day,5,18,1,female,village
235,5,1,5,5,1,3,2,3,3,few hours a day,3,16,0,female,city
236,1,1,5,5,3,5,1,2,4,less than an hour a day,3,19,0,female,city
237,5,3,4,2,4,5,5,2,2,few hours a day,3,18,3,female,city
238,5,1,5,2,2,3,4,2,2,few hours a day,1,19,2,female,city
239,5,2,5,4,1,4,5,2,3,less than an hour a day,3,21,1,female,city
240,3,2,3,3,2,3,3,3,2,few hours a day,2,21,1,male,city
241,5,1,5,3,4,5,5,2,5,few hours a day,5,18,1,female,city
242,3,1,5,3,1,2,,3,4,less than an hour a day,5,21,0,female,city
243,,1,5,4,4,1,1,5,4,few hours a day,5,17,0,female,city
244,5,2,5,1,1,5,5,2,3,most of the day,3,20,0,female,city
245,5,1,5,3,1,5,1,3,3,less than an hour a day,1,19,1,female,city
246,5,1,5,5,5,5,4,2,3,few hours a day,4,27,0,male,city
247,5,2,5,3,1,1,2,3,3,few hours a day,3,22,2,female,city
248,5,3,5,5,2,3,3,3,4,few hours a day,3,19,2,female,city
249,5,2,5,4,1,5,5,3,4,no time at all,3,19,3,female,village
250,5,2,5,1,1,1,1,3,4,few hours a day,4,20,0,female,city
251,5,5,5,2,1,5,1,2,3,few hours a day,3,19,2,female,village
252,5,2,5,3,1,5,4,5,3,few hours a day,5,20,0,female,village
253,5,1,3,1,1,1,3,4,2,few hours a day,3,17,2,female,city
254,5,3,5,2,2,5,5,5,3,few hours a day,3,23,2,female,village
255,5,1,5,2,2,3,3,3,4,few hours a day,5,20,2,female,city
256,5,1,3,3,1,1,5,1,3,few hours a day,1,20,1,female,city
257,5,5,5,4,5,1,2,2,3,few hours a day,4,19,2,male,city
258,5,1,5,2,4,2,1,2,2,most of the day,4,20,1,female,city
259,2,1,3,5,1,1,1,3,3,few hours a day,4,19,4,male,village
260,3,3,3,3,1,3,3,3,3,few hours a day,3,19,0,male,city
261,5,1,5,3,4,5,3,4,3,few hours a day,2,18,1,female,city
262,5,3,4,3,3,3,4,5,4,few hours a day,3,19,1,female,city
263,5,3,5,1,3,3,4,1,3,few hours a day,1,15,3,female,city
264,3,3,5,2,2,5,4,3,3,few hours a day,3,19,1,female,village
265,5,1,5,1,2,5,4,3,3,most of the day,5,15,1,female,city
266,5,1,5,3,4,4,3,4,4,few hours a day,2,19,1,female,city
267,5,2,4,4,3,5,1,1,2,few hours a day,3,21,2,female,city
268,5,1,4,1,5,5,5,2,3,few hours a day,4,19,2,female,city
269,5,2,5,3,2,3,2,3,2,few hours a day,4,17,1,female,village
270,5,2,5,3,1,5,5,3,3,few hours a day,2,23,1,female,city
271,5,1,5,4,2,5,2,2,3,less than an hour a day,4,24,0,male,village
272,5,1,5,3,3,5,2,3,3,less than an hour a day,4,19,1,female,city
273,5,4,5,3,2,1,4,3,4,few hours a day,3,19,2,female,city
274,5,2,4,5,1,4,4,2,2,few hours a day,4,22,0,female,city
275,5,4,5,5,2,2,4,4,2,few hours a day,2,20,1,female,city
276,5,1,5,4,3,1,3,4,3,few hours a day,1,21,2,female,village
277,5,2,5,5,2,1,5,4,3,few hours a day,4,19,0,male,city
278,5,3,5,4,3,5,1,3,4,few hours a day,3,19,2,male,village
279,5,2,4,3,1,5,2,4,3,few hours a day,3,20,1,female,city
280,5,5,4,3,1,4,5,5,3,few hours a day,3,18,1,female,city
281,5,3,4,2,1,5,2,4,3,few hours a day,2,19,1,male,city
282,5,1,3,1,1,5,5,3,3,less than an hour a day,4,20,2,female,city
283,5,3,5,2,5,1,1,1,3,few hours a day,3,22,1,male,city
284,1,1,5,2,4,4,3,1,3,most of the day,5,20,2,male,city
285,5,1,5,2,2,5,5,2,3,few hours a day,4,20,2,female,city
286,5,1,5,4,1,5,4,3,1,few hours a day,2,27,1,female,city
287,5,3,5,4,1,4,5,3,3,few hours a day,3,19,1,female,city
288,5,5,4,2,1,3,3,3,3,few hours a day,3,22,2,male,city
289,5,2,4,5,1,4,1,2,2,most of the day,1,19,0,male,city
290,4,1,5,4,1,2,1,4,4,few hours a day,1,20,1,female,city
291,4,2,4,4,2,3,2,2,3,few hours a day,3,20,1,male,village
292,5,2,5,3,1,5,4,3,4,few hours a day,4,21,1,female,city
293,5,1,5,4,5,5,2,4,1,few hours a day,3,16,1,female,village
294,5,1,3,5,1,5,5,4,2,less than an hour a day,3,19,1,female,city
295,5,1,5,3,1,5,3,2,4,few hours a day,3,18,1,female,village
296,5,5,5,4,4,4,1,1,3,few hours a day,1,23,1,male,city
297,5,4,5,1,3,3,1,4,3,few hours a day,2,19,0,male,village
298,5,2,5,3,1,5,3,3,3,less than an hour a day,4,19,0,female,city
299,5,1,5,3,1,4,5,2,4,few hours a day,3,22,1,female,city
300,5,1,3,3,3,2,1,2,3,most of the day,4,18,1,female,city
301,4,1,5,5,2,3,1,2,4,few hours a day,4,20,1,male,city
302,5,1,5,3,1,1,1,3,4,less than an hour a day,3,19,1,female,village
303,4,1,5,4,5,5,4,4,4,few hours a day,4,25,1,female,city
304,5,1,5,4,1,1,3,3,1,few hours a day,3,18,2,female,city
305,5,1,5,5,4,5,2,3,3,few hours a day,2,20,0,female,city
306,5,4,5,3,4,5,5,4,4,few hours a day,4,15,1,female,city
307,5,1,5,2,5,1,5,5,4,few hours a day,4,19,2,female,city
308,5,4,4,3,2,3,3,3,4,few hours a day,3,19,2,female,city
309,5,2,4,2,3,1,1,2,3,few hours a day,3,16,0,female,village
310,5,5,3,1,2,5,3,4,4,few hours a day,3,19,1,male,city
311,5,2,5,5,3,2,5,3,4,few hours a day,3,18,0,female,city
312,2,2,5,2,2,3,2,3,3,few hours a day,2,15,1,male,city
313,5,2,5,3,1,3,5,2,4,few hours a day,3,20,1,female,city
314,5,5,5,5,5,5,2,2,4,few hours a day,3,20,2,male,village
315,5,1,4,4,1,1,5,3,4,few hours a day,1,20,1,male,city
316,5,4,4,3,2,5,3,2,3,less than an hour a day,3,20,1,female,city
317,5,4,5,1,3,5,1,3,4,few hours a day,3,19,2,male,city
318,5,2,5,3,3,5,5,3,3,less than an hour a day,3,16,0,female,city
319,5,3,5,3,1,3,5,1,5,few hours a day,3,18,1,female,city
320,5,4,5,5,3,3,1,3,4,few hours a day,5,20,0,male,village
321,5,3,5,4,1,5,5,3,4,few hours a day,2,16,0,female,city
322,5,1,4,5,1,5,2,2,4,few hours a day,2,18,1,female,city
323,5,1,3,2,3,5,4,4,3,few hours a day,4,20,1,male,village
324,5,2,5,1,2,3,2,3,4,few hours a day,3,18,1,female,city
325,5,4,4,5,1,5,2,3,4,less than an hour a day,4,19,1,male,village
326,5,3,5,4,4,4,1,1,4,few hours a day,3,19,0,female,city
327,5,1,5,3,2,5,5,3,3,few hours a day,5,20,1,female,city
328,5,1,5,1,5,1,1,3,3,few hours a day,5,18,0,male,city
329,5,3,5,3,2,4,2,5,3,few hours a day,2,17,1,female,city
330,5,3,5,4,1,5,5,2,3,few hours a day,3,22,0,female,city
331,5,4,5,2,3,5,3,3,3,few hours a day,3,17,1,male,village
332,4,1,5,3,4,5,3,5,4,few hours a day,5,22,2,female,village
333,5,2,4,5,3,5,3,3,5,few hours a day,3,16,1,female,city
334,5,1,5,4,1,2,4,5,4,few hours a day,4,24,1,female,city
335,5,4,5,5,3,3,1,4,2,few hours a day,3,17,1,male,city
336,5,4,5,1,5,4,5,2,4,few hours a day,5,17,1,male,city
337,5,5,5,3,4,5,3,2,1,few hours a day,1,17,2,male,city
338,5,2,5,2,3,1,2,4,3,few hours a day,1,15,3,female,city
339,5,1,5,5,1,5,2,3,4,few hours a day,2,18,2,female,city
340,5,1,4,5,1,1,5,2,3,few hours a day,4,18,2,female,village
341,5,5,5,3,1,2,5,5,2,most of the day,1,16,1,male,village
342,5,3,3,2,4,5,5,2,4,most of the day,3,20,1,female,city
343,5,1,4,2,1,5,3,3,4,less than an hour a day,3,29,2,female,city
344,5,1,4,1,1,1,3,2,4,few hours a day,5,24,3,female,village
345,4,3,4,3,3,4,1,3,3,less than an hour a day,4,18,0,female,city
346,5,4,5,5,1,5,1,2,3,few hours a day,1,17,1,male,city
347,5,2,5,2,2,1,2,4,3,most of the day,1,18,1,male,city
348,5,2,5,3,3,4,5,3,3,few hours a day,2,16,1,male,city
349,5,4,5,3,2,5,5,2,4,few hours a day,3,17,2,female,city
350,2,2,5,2,2,3,1,2,3,most of the day,3,20,2,male,city
351,5,1,5,3,5,5,5,3,4,few hours a day,4,16,1,female,village
352,5,1,5,1,1,2,3,4,3,few hours a day,3,19,1,male,city
353,5,1,5,4,2,3,3,4,4,few hours a day,3,18,1,female,city
354,5,3,5,3,4,4,3,1,5,few hours a day,4,20,1,female,city
355,5,2,5,4,4,1,5,3,5,few hours a day,4,19,1,male,city
356,4,2,4,5,5,3,1,1,3,few hours a day,3,18,1,male,city
357,5,3,4,1,3,5,5,3,4,few hours a day,2,21,0,male,city
358,4,2,5,5,2,5,4,3,4,less than an hour a day,4,19,2,male,city
359,5,2,5,5,1,5,5,3,3,few hours a day,1,20,2,female,city
360,5,1,5,4,5,2,2,4,4,few hours a day,3,23,1,female,city
361,5,1,5,4,1,5,1,1,3,less than an hour a day,4,19,1,female,village
362,5,2,5,5,1,3,5,3,4,few hours a day,5,19,2,female,city
363,5,1,5,5,1,3,5,3,4,few hours a day,5,19,2,female,city
364,2,2,5,3,2,1,4,4,4,few hours a day,4,20,2,male,city
365,5,2,5,5,1,1,1,2,3,few hours a day,3,24,5,male,village
366,5,3,5,1,5,1,1,3,5,most of the day,4,19,1,male,city
367,5,3,5,5,1,3,1,3,4,few hours a day,5,20,2,male,village
368,5,,5,3,1,5,1,3,4,few hours a day,4,18,1,female,
369,5,5,4,4,4,5,2,2,3,less than an hour a day,4,17,1,male,village
370,5,1,5,4,2,5,5,2,3,few hours a day,3,19,2,female,village
371,5,2,5,2,5,3,2,1,3,few hours a day,3,19,4,female,village
372,4,4,4,3,1,1,1,2,2,most of the day,3,20,2,male,city
373,5,1,5,5,1,1,2,4,3,most of the day,4,20,0,male,city
374,5,3,5,2,1,5,5,4,4,few hours a day,1,21,1,female,city
375,5,,5,2,3,1,5,2,3,few hours a day,4,20,2,female,city
376,5,1,5,2,1,5,5,2,4,few hours a day,1,20,1,female,city
377,5,1,5,3,5,4,1,4,3,few hours a day,3,17,0,female,village
378,5,3,5,4,5,5,2,2,4,few hours a day,2,20,2,female,city
379,5,2,5,3,3,3,2,3,4,few hours a day,3,25,2,male,city
380,5,5,5,3,2,4,2,2,3,most of the day,4,20,1,female,city
381,5,1,5,5,2,5,2,1,3,few hours a day,2,21,1,female,city
382,5,4,5,4,1,5,5,2,4,few hours a day,2,21,0,female,village
383,5,2,5,1,5,1,2,2,3,most of the day,3,22,1,male,city
384,5,1,2,2,5,1,5,4,3,few hours a day,2,19,1,female,city
385,5,3,5,3,3,1,1,3,2,few hours a day,2,25,1,male,city
386,5,4,4,2,3,2,2,3,3,few hours a day,4,19,0,female,city
387,5,2,5,2,2,5,1,3,3,few hours a day,4,25,2,female,city
388,5,3,5,3,4,5,5,2,3,few hours a day,3,25,1,female,city
389,5,1,5,2,2,3,2,3,5,few hours a day,4,21,0,female,city
390,4,3,5,5,3,2,2,1,4,few hours a day,4,20,2,male,city
391,4,1,4,4,4,2,3,3,4,few hours a day,3,24,2,female,city
392,5,2,5,3,3,1,3,4,3,less than an hour a day,4,30,2,female,city
393,5,1,5,5,1,3,1,3,3,few hours a day,4,21,1,male,city
394,5,1,4,1,4,3,5,3,1,few hours a day,3,27,3,male,city
395,5,5,5,4,4,1,1,3,2,few hours a day,3,21,1,male,city
396,5,2,2,2,4,1,4,4,4,few hours a day,3,16,0,female,city
397,5,1,5,1,4,5,2,3,4,most of the day,3,21,1,female,village
398,5,5,5,3,4,1,3,2,5,few hours a day,3,20,1,female,village
399,5,1,5,5,4,5,1,1,2,less than an hour a day,3,22,1,female,city
400,5,4,5,5,5,1,2,2,3,most of the day,3,19,1,male,village
401,5,1,4,2,1,1,1,2,4,few hours a day,4,20,1,female,village
402,5,3,5,5,1,5,1,4,4,most of the day,3,25,1,male,city
403,2,1,4,2,2,4,1,4,3,less than an hour a day,2,23,2,male,village
404,5,5,5,2,2,5,2,4,3,few hours a day,5,20,2,female,village
405,4,2,4,5,2,3,3,3,4,few hours a day,3,20,1,female,city
406,5,4,5,1,1,1,1,1,3,less than an hour a day,4,21,1,female,village
407,5,2,5,4,2,5,4,2,3,less than an hour a day,3,19,1,female,city
408,5,1,4,3,1,1,3,2,4,few hours a day,2,21,1,female,city
409,5,4,5,1,3,3,5,5,2,few hours a day,3,16,0,female,city
410,5,1,5,3,4,5,1,2,3,few hours a day,3,20,1,male,village
411,5,2,5,5,1,3,5,2,4,few hours a day,2,18,0,female,city
412,5,5,2,4,1,5,1,5,3,less than an hour a day,3,21,1,female,city
413,5,3,5,4,3,4,3,3,3,few hours a day,3,21,2,male,village
414,5,2,5,4,3,3,4,1,3,few hours a day,3,18,2,male,city
415,5,3,5,1,1,1,5,5,3,few hours a day,1,19,1,female,village
416,4,4,,2,5,3,3,3,2,few hours a day,3,20,1,female,village
417,5,1,5,4,5,5,4,5,3,most of the day,2,18,1,male,village
418,5,1,5,1,1,5,5,2,3,less than an hour a day,3,18,1,female,village
419,5,3,3,3,1,2,1,2,3,less than an hour a day,3,23,0,female,village
420,5,1,5,5,1,2,3,2,4,few hours a day,3,20,1,female,village
421,5,2,5,5,4,5,2,3,3,few hours a day,5,18,1,female,village
422,5,5,5,4,1,5,5,3,4,few hours a day,4,28,1,female,city
423,5,2,4,2,1,5,2,2,3,few hours a day,5,24,1,female,village
424,5,5,5,3,1,5,5,3,3,few hours a day,2,19,2,female,city
425,5,2,5,3,1,5,5,5,4,less than an hour a day,4,21,3,female,village
426,5,1,4,1,1,1,5,1,2,less than an hour a day,3,22,1,female,city
427,5,2,5,3,1,1,5,3,2,few hours a day,1,19,1,male,city
428,5,3,5,2,2,5,4,4,4,few hours a day,4,18,2,female,city
429,5,1,5,2,1,4,2,3,3,most of the day,3,21,0,female,city
430,5,3,5,4,2,4,3,3,3,less than an hour a day,4,19,1,female,village
431,4,5,5,2,5,3,3,3,4,few hours a day,5,19,2,male,village
432,5,1,4,5,2,3,2,4,2,few hours a day,3,20,1,male,city
433,5,2,5,3,5,1,1,3,3,few hours a day,3,19,3,female,city
434,5,4,5,5,1,4,3,4,4,few hours a day,2,18,1,male,city
435,5,1,4,2,1,5,5,3,4,few hours a day,2,18,1,female,city
436,4,3,4,2,2,2,3,5,3,few hours a day,1,19,1,male,city
437,5,4,5,1,1,1,5,3,3,few hours a day,3,18,0,female,city
438,5,1,5,1,1,4,5,5,3,few hours a day,1,18,2,female,village
439,5,4,5,4,3,1,1,1,4,few hours a day,4,19,1,male,city
440,5,4,5,4,1,3,5,3,5,few hours a day,3,19,1,female,city
441,5,1,5,1,2,5,1,3,3,few hours a day,3,19,1,female,city
442,5,2,5,2,3,5,2,4,3,few hours a day,2,18,6,female,city
443,4,3,4,5,3,1,1,4,4,few hours a day,3,18,3,female,village
444,5,4,5,3,4,1,2,4,3,few hours a day,4,19,1,female,city
445,5,1,5,4,1,5,5,2,4,few hours a day,3,20,1,female,city
446,4,4,5,1,3,2,4,3,3,few hours a day,2,19,1,male,city
447,3,1,4,5,3,4,4,4,5,less than an hour a day,5,26,3,female,village
448,5,3,5,3,4,4,3,2,3,few hours a day,2,19,1,female,village
449,5,1,5,2,3,,4,3,3,few hours a day,5,19,1,female,village
450,5,1,5,3,2,5,1,3,3,few hours a day,1,22,1,male,village
451,5,3,4,3,2,3,2,1,4,less than an hour a day,4,20,1,male,village
452,5,3,5,1,3,5,5,1,4,less than an hour a day,3,28,2,female,city
453,5,1,5,2,2,3,4,3,3,few hours a day,5,19,1,female,village
454,4,1,5,3,3,5,5,2,4,few hours a day,4,21,0,female,city
455,5,4,5,1,2,3,4,4,5,less than an hour a day,3,19,1,female,village
456,5,1,5,5,5,5,1,1,5,few hours a day,5,22,2,male,city
457,5,4,5,3,5,2,2,3,3,few hours a day,5,19,2,male,city
458,5,5,1,5,1,1,1,1,5,few hours a day,3,18,1,female,village
459,4,3,5,2,1,2,2,3,4,less than an hour a day,4,19,0,female,city
460,5,1,5,4,1,5,1,2,3,few hours a day,1,22,2,male,city
461,5,2,4,3,3,3,1,3,3,few hours a day,3,29,3,male,village
462,4,3,4,3,3,2,3,4,4,few hours a day,4,,2,female,village
463,5,1,5,1,3,4,2,5,3,less than an hour a day,3,18,0,female,city
464,5,3,3,2,1,1,4,2,5,few hours a day,3,22,1,female,city
465,5,2,5,5,2,1,1,1,4,less than an hour a day,4,17,1,female,city
466,5,5,5,1,1,1,3,1,3,few hours a day,1,19,0,male,city
467,4,2,5,1,3,1,5,2,4,few hours a day,4,20,1,female,village
468,5,2,3,3,4,4,2,2,4,few hours a day,3,18,1,female,village
469,5,4,5,3,3,1,1,4,2,most of the day,4,22,2,male,city
470,4,1,4,4,2,2,1,3,4,few hours a day,5,19,1,female,village
471,5,2,5,3,3,1,3,1,3,few hours a day,1,20,1,male,city
472,3,1,3,2,5,2,1,5,3,few hours a day,3,25,1,male,village
473,5,1,5,5,2,5,2,5,1,less than an hour a day,5,29,0,male,village
474,5,5,5,3,5,5,3,2,4,few hours a day,3,19,1,male,village
475,5,1,4,4,3,5,1,3,3,few hours a day,1,18,4,female,city
476,5,1,5,3,1,5,2,3,3,few hours a day,3,20,2,female,city
477,5,1,5,2,4,4,2,4,4,most of the day,3,18,3,female,city
478,5,3,5,2,1,4,2,4,2,most of the day,3,30,3,male,city
479,5,2,5,2,1,5,3,2,3,few hours a day,3,20,1,female,city
480,5,4,5,3,3,5,2,3,4,few hours a day,3,21,2,female,city
481,5,5,5,5,1,1,1,3,4,few hours a day,3,22,1,male,city
482,3,1,5,4,4,5,2,1,3,few hours a day,4,22,2,male,city
483,5,1,5,3,4,3,4,5,3,few hours a day,1,20,1,female,city
484,5,2,5,4,4,1,5,3,3,few hours a day,2,20,1,female,city
485,5,1,5,1,1,1,5,5,3,few hours a day,3,19,1,female,city
486,3,2,5,4,3,1,5,2,2,few hours a day,2,28,1,female,city
487,5,1,5,1,1,1,3,1,3,most of the day,1,19,3,female,village
488,5,1,5,5,3,3,1,3,4,few hours a day,2,22,1,male,city
489,5,1,5,5,1,2,5,1,3,few hours a day,4,20,2,female,village
490,4,4,1,1,1,1,5,3,4,less than an hour a day,3,16,1,female,city
491,5,1,5,2,2,2,5,3,3,less than an hour a day,3,19,1,female,city
492,5,2,5,5,3,5,4,5,4,few hours a day,2,20,2,female,city
493,5,2,5,3,2,5,2,2,3,most of the day,5,21,1,male,city
494,5,1,5,2,4,1,1,3,4,few hours a day,3,19,1,female,city
495,5,2,5,2,2,4,4,3,4,most of the day,4,20,2,female,city
496,3,2,4,3,3,2,5,3,3,less than an hour a day,3,25,1,female,city
497,5,1,3,3,1,1,1,1,2,less than an hour a day,3,20,1,female,city
498,5,1,5,4,1,5,1,3,3,few hours a day,2,19,3,female,village
499,5,3,5,3,2,1,1,2,3,most of the day,5,22,3,male,city
500,5,4,5,4,3,5,2,4,4,few hours a day,3,19,2,female,city
501,5,2,4,3,4,1,5,4,3,few hours a day,5,21,1,female,city
502,5,3,5,2,3,1,3,2,4,most of the day,2,22,6,male,village
503,5,5,5,4,5,3,4,3,3,few hours a day,5,28,1,female,city
504,5,1,5,3,5,5,1,1,4,few hours a day,2,21,1,female,village
505,5,1,5,2,3,1,1,2,3,few hours a day,2,20,3,male,village
506,5,2,5,2,2,4,2,1,4,few hours a day,2,19,1,male,city
507,5,1,4,3,2,3,5,4,3,few hours a day,3,21,1,female,village
508,5,1,5,3,1,3,4,2,4,few hours a day,4,20,0,male,village
509,4,4,4,5,1,4,1,1,5,few hours a day,4,16,1,female,village
510,5,2,4,3,3,5,1,2,3,less than an hour a day,3,22,1,male,village
511,5,1,5,2,4,4,2,3,4,few hours a day,4,19,2,male,city
512,5,4,4,1,1,1,5,1,4,few hours a day,5,22,1,female,village
513,5,3,4,2,5,4,1,3,3,most of the day,4,20,0,male,village
514,5,1,5,3,1,2,4,3,3,few hours a day,4,22,0,male,city
515,5,1,5,3,4,1,2,3,2,most of the day,5,19,1,male,city
516,5,4,5,5,1,5,5,3,5,few hours a day,3,22,2,male,city
517,5,4,5,4,2,2,1,1,4,few hours a day,3,17,1,female,village
518,5,4,4,3,1,5,2,4,4,less than an hour a day,4,18,1,female,city
519,5,4,4,4,2,2,1,2,3,few hours a day,1,19,1,male,city
520,5,2,5,4,3,3,5,3,3,less than an hour a day,3,23,1,female,city
521,5,3,5,3,1,4,1,4,3,few hours a day,1,20,0,female,city
522,5,4,5,2,1,5,2,1,3,few hours a day,3,18,2,female,city
523,5,3,5,2,,4,1,3,3,few hours a day,1,19,3,male,village
524,5,1,5,3,3,5,2,3,4,less than an hour a day,4,19,4,female,city
525,3,1,4,3,3,4,1,4,3,few hours a day,3,28,2,female,village
526,5,1,5,4,5,5,1,2,4,few hours a day,4,21,1,male,village
527,4,2,4,2,5,5,3,1,3,few hours a day,4,23,1,female,city
528,5,3,5,2,5,1,1,4,3,most of the day,3,20,2,male,city
529,5,1,4,5,1,3,1,3,3,few hours a day,3,20,1,male,city
530,5,1,4,5,3,2,3,3,2,most of the day,4,28,2,female,city
531,5,1,5,5,3,1,2,4,1,few hours a day,3,22,1,male,village
532,5,4,5,5,1,1,2,2,4,few hours a day,2,19,0,female,city
533,5,3,5,3,3,1,1,4,3,few hours a day,3,21,3,male,city
534,5,2,5,3,1,5,5,4,3,few hours a day,3,21,1,female,city
535,5,4,5,3,3,5,1,3,3,few hours a day,1,17,2,male,village
536,5,5,5,3,1,5,5,1,3,few hours a day,1,19,1,female,city
537,5,2,5,4,2,1,2,2,3,few hours a day,3,25,3,male,city
538,5,3,5,4,1,5,5,1,3,few hours a day,4,20,1,female,village
539,5,1,5,5,1,1,4,5,3,most of the day,1,26,2,male,city
540,5,3,5,3,3,5,3,3,3,few hours a day,3,21,0,male,city
541,5,1,5,2,1,3,3,1,4,few hours a day,2,20,2,female,city
542,5,2,5,4,2,2,4,3,3,most of the day,2,29,1,,city
543,5,4,5,3,2,2,4,3,4,most of the day,3,25,1,male,city
544,5,1,5,3,1,5,1,5,4,few hours a day,1,21,2,male,city
545,5,3,5,3,1,1,3,4,5,most of the day,3,20,3,male,village
546,5,1,5,3,4,2,1,3,4,few hours a day,4,27,3,male,village
547,5,1,5,5,1,4,1,1,4,few hours a day,3,21,2,male,village
548,4,1,4,2,1,3,1,1,4,less than an hour a day,4,20,1,female,city
549,5,4,4,2,1,2,2,3,3,less than an hour a day,3,,1,female,village
550,5,1,5,3,3,5,5,5,3,few hours a day,1,17,3,female,village
551,5,1,3,4,3,1,5,2,4,less than an hour a day,2,16,,female,village
552,5,2,5,4,3,5,5,3,2,few hours a day,3,19,3,female,city
553,3,3,4,2,3,5,5,3,3,few hours a day,2,18,1,female,village
554,4,3,4,2,5,3,2,3,3,few hours a day,3,19,0,male,village
555,5,2,4,1,1,3,1,4,2,few hours a day,1,21,1,female,village
556,5,2,5,2,1,2,5,2,4,few hours a day,3,16,0,female,city
557,5,1,5,5,1,5,5,3,4,few hours a day,4,20,2,female,city
558,,2,3,3,2,4,5,2,4,few hours a day,2,19,2,female,city
559,5,1,5,1,1,2,1,5,3,most of the day,3,20,1,female,village
560,5,2,3,1,1,5,1,4,4,less than an hour a day,4,16,2,female,village
561,5,4,4,4,2,3,2,3,4,less than an hour a day,5,20,1,male,city
562,5,1,5,3,1,3,1,3,3,less than an hour a day,3,18,0,male,village
563,5,2,5,5,1,4,4,1,4,few hours a day,1,20,1,male,village
564,5,2,5,3,2,3,5,2,4,less than an hour a day,4,20,2,male,village
565,5,3,5,1,2,2,5,5,3,few hours a day,3,16,2,female,city
566,5,2,5,4,3,4,3,3,4,less than an hour a day,3,19,1,female,village
567,5,2,4,1,3,2,1,3,2,few hours a day,2,19,1,male,city
568,5,3,5,1,1,1,3,4,4,most of the day,3,23,1,female,city
569,5,2,5,4,3,5,2,3,3,few hours a day,3,20,1,female,city
570,5,1,5,4,1,3,1,3,3,few hours a day,3,23,4,male,village
571,3,4,4,1,4,4,3,4,5,few hours a day,5,19,2,male,village
572,5,1,4,2,3,5,2,2,4,few hours a day,5,22,3,female,city
573,4,4,5,3,1,4,5,1,3,most of the day,1,17,3,male,city
574,5,5,5,3,1,4,1,3,3,less than an hour a day,3,20,1,female,village
575,5,2,4,2,2,4,2,4,2,less than an hour a day,4,21,1,female,city
576,5,3,5,3,3,4,4,2,3,few hours a day,1,21,3,male,city
577,5,2,5,3,4,5,5,2,2,few hours a day,3,19,1,female,city
578,5,1,5,2,1,5,4,3,4,few hours a day,3,20,0,female,village
579,5,5,5,5,5,2,2,4,3,most of the day,1,19,0,male,city
580,5,3,5,3,2,,1,1,3,few hours a day,5,21,0,male,city
581,5,5,4,1,3,5,5,3,4,few hours a day,4,22,1,female,city
582,3,4,5,5,3,1,4,3,2,few hours a day,5,22,3,male,city
583,5,1,5,5,2,4,1,3,4,most of the day,3,22,1,male,city
584,5,4,4,3,2,5,3,4,4,most of the day,2,28,1,female,city
585,5,4,4,2,1,3,3,3,4,less than an hour a day,3,21,1,male,city
586,5,5,5,4,1,4,3,,3,few hours a day,2,21,2,male,village
587,5,2,4,4,1,5,3,4,2,few hours a day,2,17,3,female,city
588,5,1,5,3,1,3,5,2,3,less than an hour a day,2,21,1,female,city
589,5,2,5,5,1,4,5,3,4,few hours a day,1,17,1,female,village
590,5,1,5,4,5,4,1,3,4,few hours a day,2,28,1,male,city
591,4,1,3,3,1,3,1,1,3,few hours a day,4,20,1,female,city
592,5,4,4,3,1,5,1,3,4,few hours a day,3,19,0,female,city
593,5,1,4,2,1,5,2,2,3,less than an hour a day,4,21,1,female,city
594,5,1,4,5,2,1,1,5,1,few hours a day,2,23,1,male,city
595,5,1,5,4,1,5,1,5,2,most of the day,1,17,1,male,village
596,5,5,3,2,1,4,1,5,3,few hours a day,4,20,0,male,city
597,5,3,5,2,2,2,1,2,4,less than an hour a day,3,19,1,male,city
598,4,3,5,3,2,5,4,4,3,few hours a day,5,19,1,male,city
599,5,3,5,4,4,2,2,2,4,few hours a day,2,19,1,male,city
600,5,4,5,2,1,5,5,4,3,most of the day,3,18,0,female,city
601,5,1,5,3,2,5,3,3,3,few hours a day,3,19,1,female,village
602,4,3,5,4,2,3,3,2,3,few hours a day,5,22,1,male,village
603,5,4,,3,2,3,3,3,4,few hours a day,3,21,1,female,city
604,5,1,5,5,1,5,5,5,3,few hours a day,3,21,1,female,city
605,5,1,5,3,2,5,5,1,4,less than an hour a day,3,21,1,male,village
606,4,1,5,2,2,4,1,4,4,few hours a day,4,22,1,male,village
607,3,1,4,4,1,5,2,2,5,less than an hour a day,3,19,1,female,city
608,3,1,5,5,5,4,2,1,2,few hours a day,3,25,1,male,city
609,4,4,3,5,5,3,1,3,4,few hours a day,4,18,2,male,city
610,5,3,4,2,2,1,5,3,2,few hours a day,3,20,1,male,city
611,5,3,5,3,3,5,4,3,3,most of the day,2,18,0,female,city
612,5,5,3,4,3,2,3,1,4,most of the day,3,23,2,male,village
613,5,3,5,4,1,5,5,4,4,most of the day,2,18,1,female,city
614,5,5,5,3,1,5,1,3,2,few hours a day,5,22,1,female,village
615,5,3,5,2,2,2,1,3,4,few hours a day,1,20,0,male,city
616,3,4,5,4,3,4,1,1,1,few hours a day,3,19,1,male,city
617,5,1,4,3,1,1,1,3,5,most of the day,3,19,1,female,city
618,5,1,5,5,1,1,3,5,4,most of the day,3,23,0,female,city
619,5,2,5,3,5,1,3,2,3,few hours a day,2,27,4,male,city
620,5,2,5,4,1,2,3,4,2,most of the day,1,20,2,male,city
621,4,5,5,1,1,3,5,5,4,most of the day,3,20,3,,city
622,5,4,5,2,1,5,2,2,4,few hours a day,3,18,1,female,city
623,5,1,5,5,1,3,1,4,3,few hours a day,1,21,3,male,city
624,5,1,5,3,1,2,5,2,2,few hours a day,1,21,1,female,city
625,5,2,5,2,3,5,5,1,3,few hours a day,4,19,1,female,city
626,5,4,5,2,2,4,2,3,3,less than an hour a day,4,22,0,female,village
627,5,2,5,3,3,1,3,3,3,less than an hour a day,5,20,1,female,city
628,4,2,5,2,4,4,1,4,4,few hours a day,3,19,0,male,city
629,5,3,5,2,1,5,3,3,4,few hours a day,1,20,0,female,city
630,5,5,4,3,3,1,5,3,3,few hours a day,3,19,1,female,city
631,5,3,5,3,4,5,4,2,3,few hours a day,2,18,1,female,village
632,5,4,4,4,3,4,1,3,4,few hours a day,2,17,1,male,village
633,5,1,5,1,1,3,1,1,3,less than an hour a day,2,21,2,male,city
634,5,2,4,3,2,2,4,2,4,few hours a day,3,19,1,female,village
635,4,1,4,4,1,2,3,3,4,less than an hour a day,3,25,1,female,city
636,5,3,5,5,1,4,3,1,4,few hours a day,1,24,2,male,village
637,5,2,,4,5,5,1,2,3,less than an hour a day,2,29,1,male,village
638,5,1,4,4,1,5,3,3,3,few hours a day,2,21,1,female,city
639,5,1,5,2,3,1,3,5,3,few hours a day,3,18,1,male,city
640,5,1,5,4,3,4,5,3,5,few hours a day,2,21,3,female,city
641,5,3,5,2,2,3,2,4,3,most of the day,4,17,2,male,city
642,4,3,4,3,4,5,1,5,4,most of the day,4,22,0,male,city
643,5,2,5,4,2,5,2,2,4,few hours a day,4,18,2,female,village
644,4,1,5,3,4,5,4,2,5,few hours a day,4,18,3,female,village
645,5,5,4,5,3,5,1,3,4,few hours a day,4,23,1,male,village
646,4,2,5,2,1,1,2,1,3,few hours a day,3,22,1,male,city
647,5,1,5,5,1,5,3,3,3,most of the day,3,21,0,female,village
648,5,2,5,2,2,2,4,2,3,few hours a day,3,23,3,female,city
649,5,2,5,3,1,5,5,4,3,few hours a day,2,17,1,female,city
650,5,3,5,3,4,5,2,4,2,few hours a day,3,20,1,male,city
651,5,4,5,5,1,2,1,2,3,few hours a day,5,22,1,male,city
652,4,1,5,3,4,1,4,5,4,few hours a day,4,21,0,male,city
653,5,1,5,3,1,5,2,3,4,few hours a day,5,22,0,female,village
654,4,3,4,4,3,4,4,3,3,few hours a day,4,24,2,male,village
655,5,4,5,1,3,1,4,4,4,few hours a day,3,19,1,female,village
656,5,1,5,5,5,5,5,3,,few hours a day,3,18,1,female,city
657,5,1,5,1,1,3,4,3,3,most of the day,3,24,1,female,city
658,5,4,5,1,5,4,1,1,3,few hours a day,4,22,3,male,city
659,5,1,2,2,3,2,1,5,3,few hours a day,4,20,1,male,village
660,5,1,5,5,2,1,2,5,4,less than an hour a day,5,20,1,female,city
661,5,2,3,4,2,4,2,2,3,few hours a day,2,19,1,female,city
662,5,2,4,3,4,5,4,2,2,few hours a day,4,21,1,female,city
663,5,2,4,4,3,1,2,3,3,no time at all,3,25,1,male,city
664,5,1,5,3,1,2,2,2,4,few hours a day,4,28,1,female,village
665,5,4,5,4,1,5,3,3,3,few hours a day,3,20,1,female,city
666,5,1,4,3,1,5,2,5,3,few hours a day,2,20,2,female,city
667,5,1,3,5,2,4,2,2,3,few hours a day,4,23,1,male,city
668,5,1,4,2,4,2,2,4,2,few hours a day,3,27,1,male,city
669,4,4,4,4,2,3,2,3,3,few hours a day,4,21,1,male,village
670,5,2,3,3,2,4,1,3,3,few hours a day,3,23,1,female,city
671,5,4,4,3,3,5,2,3,4,few hours a day,3,22,2,female,city
672,3,1,4,3,1,5,5,3,3,few hours a day,4,28,1,female,city
673,4,1,4,3,1,5,4,4,3,less than an hour a day,4,22,2,female,city
674,5,1,4,1,3,3,1,2,4,less than an hour a day,3,18,1,male,city
675,5,3,5,3,2,2,4,3,4,most of the day,3,25,1,female,city
676,5,2,5,3,1,3,3,2,3,few hours a day,3,20,2,female,city
677,4,1,5,5,4,5,1,1,3,few hours a day,2,28,1,female,city
678,5,1,3,5,2,5,3,4,4,few hours a day,3,23,1,female,city
679,5,3,5,3,1,5,1,3,4,few hours a day,4,21,0,female,city
680,5,5,5,4,3,5,5,3,3,few hours a day,3,25,1,female,city
681,5,4,4,3,2,3,5,3,3,few hours a day,3,28,1,female,city
682,4,5,5,3,4,5,2,3,3,few hours a day,1,19,4,male,village
683,5,1,5,4,1,5,,3,4,less than an hour a day,3,30,1,female,village
684,5,1,5,2,3,3,3,2,3,few hours a day,2,28,1,female,village
685,5,3,5,3,2,5,4,4,4,few hours a day,3,19,0,female,village
686,2,3,3,3,3,3,3,3,3,less than an hour a day,3,21,1,male,city
687,5,1,5,3,1,2,5,3,5,few hours a day,3,19,1,male,city
688,5,1,5,3,3,1,5,4,4,few hours a day,4,18,2,female,city
689,5,3,5,5,3,5,1,3,3,few hours a day,4,18,1,male,city
690,5,3,5,4,3,2,4,3,3,few hours a day,3,18,1,male,city
691,5,2,5,3,1,3,5,4,3,less than an hour a day,2,17,0,female,city
692,5,2,5,5,3,3,1,1,3,few hours a day,3,21,1,male,city
693,5,4,4,2,1,3,2,5,3,few hours a day,3,18,1,female,village
694,5,4,5,5,5,1,3,5,3,few hours a day,3,21,4,male,city
695,5,3,4,4,2,5,5,3,3,few hours a day,3,23,0,female,city
696,5,3,5,3,2,3,1,4,3,less than an hour a day,3,18,1,female,city
697,5,1,5,2,4,1,5,4,3,most of the day,2,20,1,female,city
698,5,2,5,3,1,2,2,5,5,most of the day,1,19,0,female,city
699,5,2,5,2,1,1,2,3,3,few hours a day,2,20,1,female,city
700,5,1,5,3,1,5,2,2,3,few hours a day,4,26,3,female,village
701,5,5,5,5,3,5,3,3,4,few hours a day,4,21,1,female,city
702,5,1,4,5,5,2,4,5,3,most of the day,3,19,2,male,city
703,4,1,5,3,1,5,1,1,3,few hours a day,1,23,1,male,city
704,5,2,5,2,1,4,5,3,3,less than an hour a day,3,21,2,female,village
705,5,3,5,4,4,5,1,1,4,few hours a day,3,22,1,female,village
706,5,3,4,2,1,1,1,2,3,few hours a day,1,18,2,male,city
707,5,2,3,2,3,2,1,5,4,few hours a day,4,21,1,female,village
708,5,4,5,2,3,5,1,3,2,few hours a day,3,23,1,male,city
709,5,2,5,2,1,3,1,3,3,less than an hour a day,2,17,0,female,city
710,4,1,5,3,5,2,2,1,4,few hours a day,4,20,1,female,city
711,4,1,3,3,1,5,2,4,3,few hours a day,4,22,1,female,village
712,5,1,5,1,1,3,5,1,4,few hours a day,3,20,1,female,village
713,5,2,3,5,1,3,5,3,3,most of the day,1,19,2,female,village
714,5,3,5,3,3,5,4,2,4,less than an hour a day,5,25,0,female,village
715,4,1,5,4,2,5,2,2,3,few hours a day,3,29,1,male,village
716,5,3,4,5,5,2,3,3,4,less than an hour a day,5,29,2,male,village
717,5,1,5,3,3,5,3,3,3,few hours a day,3,17,1,female,city
718,5,,5,3,1,4,5,4,3,less than an hour a day,3,17,1,female,city
719,4,3,5,3,4,3,2,1,3,few hours a day,2,19,2,male,city
720,4,2,5,5,2,1,1,3,4,few hours a day,4,18,2,female,city
721,5,1,4,1,3,1,3,3,5,less than an hour a day,4,20,3,female,city
722,5,2,5,3,2,1,2,3,4,few hours a day,3,21,0,female,city
723,5,1,5,5,3,1,5,3,4,few hours a day,,18,1,female,city
724,4,2,5,2,2,2,5,3,3,few hours a day,3,19,1,female,city
725,5,3,5,5,1,3,1,2,3,few hours a day,1,19,0,male,village
726,5,4,5,2,1,5,3,5,3,less than an hour a day,2,20,2,male,city
727,5,5,3,1,3,1,3,1,3,less than an hour a day,3,19,1,male,village
728,5,3,5,5,5,5,5,3,3,few hours a day,1,18,1,female,village
729,5,3,,4,4,5,2,3,4,few hours a day,3,18,1,male,city
730,5,1,5,5,1,5,2,3,2,few hours a day,,16,1,female,village
731,5,2,5,4,4,1,1,4,4,few hours a day,4,18,1,female,city
732,5,2,4,5,3,1,2,2,3,few hours a day,3,19,0,female,village
733,4,1,5,5,5,5,2,3,3,most of the day,3,24,2,female,village
734,5,1,4,3,5,1,1,1,5,less than an hour a day,5,19,3,female,city
735,2,1,3,4,3,3,3,2,5,no time at all,5,,1,female,village
736,4,2,5,5,2,4,3,3,3,few hours a day,2,20,1,female,city
737,5,3,5,4,1,5,3,4,3,most of the day,3,21,0,female,city
738,5,,5,1,4,4,1,2,3,few hours a day,2,23,2,male,city
739,5,3,5,5,5,4,2,1,3,few hours a day,4,23,0,male,city
740,4,2,5,4,3,4,3,2,4,less than an hour a day,3,17,1,male,city
741,5,1,5,5,5,1,1,4,5,few hours a day,3,18,3,female,city
742,5,5,5,3,4,1,2,1,1,few hours a day,1,26,5,male,village
743,2,1,1,1,3,2,1,3,4,few hours a day,1,22,0,male,city
744,5,,5,3,1,3,1,4,2,less than an hour a day,2,22,2,male,city
745,5,5,4,4,4,4,3,2,3,most of the day,3,25,2,male,village
746,5,2,5,1,5,4,5,3,4,few hours a day,3,21,1,female,city
747,5,3,5,5,1,1,1,2,4,few hours a day,4,18,2,female,city
748,5,3,5,3,2,5,5,3,3,less than an hour a day,3,15,2,female,city
749,5,1,5,4,1,4,3,3,3,few hours a day,3,17,0,male,city
750,5,1,4,4,4,1,1,2,3,less than an hour a day,4,22,6,female,city
751,5,2,5,2,1,1,1,3,4,few hours a day,4,21,1,female,city
752,5,4,4,3,3,1,2,2,4,few hours a day,1,21,3,female,village
753,5,1,5,4,1,5,2,2,3,few hours a day,2,19,3,female,village
754,4,3,4,3,4,2,2,1,1,few hours a day,1,26,1,male,city
755,5,1,5,3,4,5,1,3,3,few hours a day,3,26,1,female,city
756,5,4,5,5,3,5,1,2,4,few hours a day,4,25,2,male,city
757,5,5,5,2,1,4,2,3,3,few hours a day,4,19,3,female,village
758,5,5,5,2,3,4,2,3,3,few hours a day,3,20,1,male,village
759,5,2,5,5,4,5,2,4,4,few hours a day,4,18,0,male,village
760,5,3,5,4,3,1,3,2,3,few hours a day,4,25,1,female,city
761,5,2,5,2,3,2,1,1,2,few hours a day,1,23,1,male,city
762,5,3,5,5,3,5,1,1,4,less than an hour a day,2,24,1,male,city
763,5,3,5,5,1,5,3,3,4,few hours a day,3,20,3,male,village
764,5,1,5,3,2,2,5,2,4,less than an hour a day,4,19,2,female,village
765,5,2,5,2,3,3,1,4,3,few hours a day,4,18,1,male,village
766,5,4,5,4,3,4,4,2,5,most of the day,4,25,2,female,city
767,1,2,4,3,3,3,3,1,3,few hours a day,3,22,2,male,city
768,4,3,4,3,2,4,4,3,2,few hours a day,2,26,1,male,city
769,3,3,5,4,4,4,2,3,3,less than an hour a day,4,19,0,female,city
770,1,1,4,1,2,2,5,1,2,less than an hour a day,3,16,2,female,city
771,5,1,5,3,3,1,1,3,3,few hours a day,4,18,0,male,city
772,5,1,5,3,1,4,4,2,3,few hours a day,3,20,1,female,city
773,5,2,5,3,3,4,5,4,3,less than an hour a day,3,17,0,female,city
774,3,1,4,4,2,1,2,2,4,most of the day,2,20,0,female,city
775,5,5,5,3,2,5,3,5,5,few hours a day,1,19,3,female,city
776,5,5,5,5,1,3,1,5,5,few hours a day,4,25,1,male,village
777,5,3,5,2,1,1,1,5,3,few hours a day,3,19,1,male,city
778,5,1,5,2,2,5,5,2,3,few hours a day,2,18,0,female,city
779,5,3,5,5,2,5,5,1,3,less than an hour a day,2,17,0,female,village
780,5,4,5,5,4,5,1,3,3,few hours a day,3,18,1,male,city
781,4,2,4,5,1,5,1,3,3,less than an hour a day,2,20,1,female,city
782,5,2,5,2,3,5,2,3,4,most of the day,4,17,3,female,village
783,5,4,5,5,2,5,1,3,3,few hours a day,4,21,1,male,village
784,4,4,5,4,2,1,2,3,4,few hours a day,2,19,1,male,city
785,4,1,5,5,1,4,1,3,2,few hours a day,2,19,0,male,city
786,5,3,4,4,2,1,1,2,4,few hours a day,3,19,0,male,city
787,5,3,5,5,3,2,1,2,4,few hours a day,2,16,1,male,city
788,5,1,4,2,1,1,1,3,3,less than an hour a day,4,18,2,female,city
789,5,4,5,3,1,5,3,1,4,most of the day,2,19,3,male,village
790,5,4,5,3,3,1,2,5,2,few hours a day,4,20,,female,village
791,5,3,5,3,1,1,2,3,3,few hours a day,1,19,1,female,city
792,5,3,3,4,1,3,1,2,4,less than an hour a day,3,21,1,male,village
793,2,4,5,3,4,2,1,3,5,few hours a day,4,24,2,male,city
794,4,1,5,2,1,5,1,1,3,less than an hour a day,5,23,1,male,city
795,5,1,4,4,4,5,5,3,4,most of the day,5,30,0,female,city
796,3,2,3,3,4,4,5,2,4,less than an hour a day,4,27,3,male,city
797,5,3,5,2,2,1,1,5,3,few hours a day,3,19,1,male,city
798,5,2,5,5,2,1,3,3,3,few hours a day,3,18,2,female,city
799,5,2,5,4,4,5,3,4,3,few hours a day,4,18,2,male,city
800,5,1,5,1,4,1,3,2,3,few hours a day,5,17,2,male,city
801,4,4,5,2,1,2,1,3,1,less than an hour a day,1,30,1,female,village
802,5,4,5,3,1,4,5,1,3,few hours a day,4,19,0,female,city
803,5,1,5,3,1,3,5,3,4,most of the day,3,27,5,female,village
804,5,2,5,1,1,5,5,2,4,most of the day,1,21,1,female,village
805,5,3,2,5,1,4,5,3,4,few hours a day,3,17,3,female,city
806,1,1,5,5,1,5,1,2,3,few hours a day,3,20,1,male,city
807,3,1,5,3,1,5,4,3,2,few hours a day,3,20,0,male,city
808,5,3,5,2,1,1,2,2,3,few hours a day,2,20,1,male,city
809,4,1,4,4,1,1,1,1,2,most of the day,2,18,0,male,city
810,5,1,5,4,1,5,5,2,3,few hours a day,1,20,1,male,city
811,5,1,4,4,2,5,3,4,4,few hours a day,4,20,1,male,city
812,5,1,5,5,1,4,1,2,2,few hours a day,1,17,1,female,city
813,5,1,5,3,1,5,1,1,2,few hours a day,1,19,1,male,city
814,5,5,5,3,3,5,5,5,1,few hours a day,2,20,1,female,city
815,5,2,5,4,4,5,1,1,3,few hours a day,3,20,1,male,city
816,5,3,5,5,3,5,5,1,4,few hours a day,2,21,0,male,city
817,3,1,3,1,1,2,1,5,5,most of the day,3,23,0,male,city
818,4,4,3,4,1,4,1,2,3,few hours a day,2,24,2,male,village
819,5,2,4,3,3,5,2,1,3,less than an hour a day,4,17,0,female,city
820,5,1,5,2,3,1,4,2,4,few hours a day,2,18,1,female,city
821,5,1,5,5,1,5,3,4,3,few hours a day,1,17,1,male,city
822,5,1,3,4,1,4,3,3,1,few hours a day,4,19,1,female,city
823,5,3,4,4,1,1,2,5,2,few hours a day,2,21,0,male,city
824,5,1,5,5,1,5,1,1,3,most of the day,4,29,1,female,city
825,4,1,5,2,2,5,2,3,3,few hours a day,2,21,1,female,city
826,5,1,5,4,1,1,4,3,3,few hours a day,1,20,1,female,village
827,5,1,4,2,1,2,2,2,4,few hours a day,1,20,1,female,city
828,1,4,5,2,3,2,2,2,3,few hours a day,4,19,1,male,village
829,5,1,5,3,2,2,4,5,5,few hours a day,3,20,0,female,city
830,5,2,5,4,5,5,5,3,4,most of the day,2,21,1,female,city
831,5,3,5,4,3,3,3,3,4,few hours a day,3,17,2,female,village
832,5,1,3,3,1,2,5,2,3,few hours a day,1,20,1,female,village
833,3,2,5,3,2,1,2,3,3,few hours a day,4,19,1,male,city
834,4,2,5,2,1,3,4,2,4,less than an hour a day,2,21,1,male,city
835,4,1,5,4,4,1,3,3,3,few hours a day,3,19,0,male,city
836,5,1,5,2,1,4,1,1,2,few hours a day,1,19,0,male,city
837,5,1,4,3,4,3,2,1,4,few hours a day,2,20,3,male,city
838,5,2,5,2,1,5,5,1,1,few hours a day,3,21,0,female,city
839,4,1,5,2,1,5,2,2,3,few hours a day,2,23,1,female,city
840,5,1,4,1,3,3,2,2,4,most of the day,4,24,1,female,city
841,5,5,3,3,1,1,4,5,5,few hours a day,1,19,3,male,city
842,,2,5,5,2,4,5,1,1,few hours a day,3,24,2,female,village
843,5,3,5,5,1,5,5,3,3,few hours a day,4,20,1,female,city
844,5,4,5,5,5,4,1,2,4,few hours a day,2,30,2,male,city
845,4,1,5,5,2,4,3,3,3,most of the day,1,20,1,female,city
846,5,5,5,2,2,5,5,4,4,few hours a day,4,23,4,female,city
847,5,1,5,3,1,5,4,5,1,few hours a day,1,19,1,female,city
848,5,2,3,1,1,2,1,1,2,few hours a day,3,19,4,male,city
849,3,1,5,1,5,4,4,5,2,most of the day,2,22,2,female,village
850,4,1,5,2,1,5,5,2,4,few hours a day,5,17,0,female,city
851,5,5,5,4,5,3,1,3,5,few hours a day,1,20,2,male,city
852,5,3,5,4,3,5,2,1,4,few hours a day,4,19,2,male,village
853,5,1,5,3,3,5,1,3,5,few hours a day,4,30,4,female,village
854,5,1,4,2,3,3,5,3,4,few hours a day,2,27,0,male,city
855,5,4,5,4,4,3,4,3,4,few hours a day,3,19,1,male,city
856,5,3,5,4,4,5,4,2,3,few hours a day,2,17,1,female,city
857,5,5,5,2,1,5,2,2,4,most of the day,4,20,1,male,village
858,3,1,5,5,2,1,1,5,3,few hours a day,4,20,2,male,village
859,5,4,5,3,2,5,2,3,3,few hours a day,2,20,1,male,city
860,5,5,5,3,1,4,3,1,3,few hours a day,2,20,2,male,city
861,5,2,5,4,2,5,5,2,2,few hours a day,1,18,1,female,city
862,5,4,5,3,4,5,1,2,4,few hours a day,2,21,2,male,city
863,5,5,5,3,1,5,2,3,3,few hours a day,3,21,1,male,village
864,5,3,5,4,3,3,4,4,3,few hours a day,2,20,1,male,village
865,4,2,5,2,3,3,4,2,2,less than an hour a day,4,17,2,female,city
866,4,1,3,5,2,3,1,3,2,most of the day,1,23,1,male,city
867,5,1,5,4,3,5,5,2,4,few hours a day,4,25,1,female,city
868,5,2,4,2,2,4,1,2,4,few hours a day,4,18,0,male,village
869,5,1,5,5,1,5,3,4,2,few hours a day,5,18,1,female,city
870,5,4,5,2,3,2,4,1,3,few hours a day,4,25,1,female,city
871,5,3,5,5,5,5,5,5,5,most of the day,1,21,1,male,village
872,5,4,5,2,1,2,2,3,3,few hours a day,3,20,1,male,village
873,4,4,5,3,2,2,2,2,3,few hours a day,3,21,0,male,city
874,5,3,5,3,1,4,2,2,4,few hours a day,4,18,1,female,city
875,5,4,5,1,1,5,1,3,3,few hours a day,1,20,2,female,village
876,5,3,5,2,5,4,2,4,3,few hours a day,5,19,1,male,city
877,5,1,5,4,3,2,1,3,5,few hours a day,4,22,2,male,city
878,4,4,5,2,4,4,2,2,4,less than an hour a day,4,26,3,male,city
879,4,5,5,2,4,5,1,2,3,less than an hour a day,2,23,0,male,city
880,5,4,5,3,1,4,2,2,4,few hours a day,4,18,1,female,city
881,5,1,5,5,1,5,4,3,2,few hours a day,4,18,1,female,city
882,5,4,5,3,1,1,1,3,4,few hours a day,2,16,1,female,city
883,5,3,5,4,1,1,1,4,4,few hours a day,4,19,2,female,village
884,5,4,5,3,4,5,5,4,3,few hours a day,1,19,1,female,city
885,3,3,4,3,2,5,1,2,4,few hours a day,2,23,0,female,city
886,5,2,5,1,4,1,1,2,2,few hours a day,2,21,1,male,city
887,4,3,2,2,3,3,3,3,3,less than an hour a day,4,19,1,male,city
888,5,2,5,4,1,5,3,2,4,less than an hour a day,2,20,1,female,city
889,5,2,5,5,1,1,4,4,2,few hours a day,1,22,1,female,city
890,5,4,5,1,4,3,2,3,3,few hours a day,3,20,1,male,city
891,5,3,5,4,2,4,3,3,3,few hours a day,3,21,2,male,village
892,5,1,5,3,4,2,3,2,3,few hours a day,3,19,1,male,city
893,5,3,2,2,3,2,2,3,3,less than an hour a day,4,17,0,female,village
894,5,1,5,2,1,4,3,2,4,few hours a day,4,19,2,female,city
895,4,3,4,2,1,4,3,3,3,few hours a day,3,16,1,male,village
896,5,1,5,4,1,3,2,2,3,few hours a day,4,22,1,male,village
897,5,2,4,2,4,3,2,2,3,few hours a day,2,23,2,male,city
898,5,1,5,4,1,3,2,2,3,less than an hour a day,3,28,2,female,village
899,5,1,3,4,3,5,1,3,3,few hours a day,2,20,2,male,city
900,5,1,4,2,2,3,2,3,4,few hours a day,3,21,1,male,city
901,4,1,5,4,1,5,5,2,4,less than an hour a day,4,22,1,female,city
902,5,2,5,4,3,3,4,2,3,few hours a day,2,,,male,city
903,5,1,3,5,5,3,1,2,4,few hours a day,4,19,1,male,city
904,3,1,5,3,2,1,1,2,4,few hours a day,3,24,1,female,city
905,5,3,5,5,1,2,1,1,3,few hours a day,4,23,1,male,city
906,5,5,5,5,1,1,3,3,4,less than an hour a day,2,21,2,female,city
907,5,1,4,2,2,2,3,3,1,most of the day,1,22,1,female,city
908,5,3,5,2,2,2,3,4,4,few hours a day,3,18,1,male,city
909,5,2,3,3,2,3,2,5,5,less than an hour a day,4,28,2,female,city
910,5,1,5,5,4,1,1,2,4,few hours a day,4,18,0,female,city
911,5,1,4,5,5,5,1,4,4,few hours a day,4,23,1,female,village
912,5,3,4,4,3,4,,3,4,less than an hour a day,4,22,1,female,village
913,5,3,5,4,3,2,5,4,3,few hours a day,4,21,1,female,city
914,5,2,5,5,3,3,1,5,2,few hours a day,1,20,1,female,city
915,4,4,5,1,2,5,4,3,4,few hours a day,5,18,1,female,city
916,4,1,5,4,1,4,1,4,3,few hours a day,1,21,1,male,city
917,5,3,5,3,3,3,1,2,2,few hours a day,2,20,1,male,village
918,4,1,5,5,2,4,1,4,3,most of the day,4,21,1,female,village
919,5,1,5,5,2,1,2,3,4,few hours a day,2,21,1,female,city
920,4,1,3,3,1,1,3,1,3,few hours a day,3,20,2,female,city
921,5,3,4,2,3,4,2,2,1,few hours a day,4,17,0,male,city
922,5,4,5,2,3,5,5,3,3,few hours a day,3,20,1,female,city
923,5,3,5,3,1,3,4,4,4,few hours a day,2,23,3,female,city
924,5,1,5,3,1,5,1,1,4,few hours a day,4,19,0,female,city
925,5,2,5,3,1,5,4,2,5,few hours a day,5,20,0,female,city
926,5,1,5,2,3,1,1,2,3,few hours a day,4,22,1,male,city
927,5,3,5,1,1,5,1,3,4,few hours a day,4,19,1,female,city
928,5,3,5,3,1,5,5,3,2,few hours a day,4,19,0,female,city
929,3,3,3,4,3,3,2,1,3,few hours a day,3,27,1,female,city
930,5,3,5,3,1,1,5,5,3,few hours a day,3,18,5,female,city
931,5,2,5,1,2,3,1,4,4,most of the day,4,18,2,male,city
932,5,4,5,1,3,2,5,2,4,few hours a day,5,20,1,female,city
933,5,1,5,4,2,5,5,4,3,few hours a day,3,17,3,female,city
934,5,4,5,2,2,4,4,2,3,few hours a day,2,19,0,,city
935,5,1,5,3,1,5,5,3,3,few hours a day,3,16,1,female,city
936,4,3,4,2,2,2,5,4,3,few hours a day,2,21,0,female,city
937,5,2,5,3,5,5,3,5,2,few hours a day,5,18,4,female,village
938,5,5,5,4,5,5,3,5,5,few hours a day,1,19,0,female,city
939,4,4,5,2,3,4,5,2,4,few hours a day,3,20,0,female,city
940,5,5,,4,3,4,3,2,4,few hours a day,2,16,4,male,city
941,5,1,5,2,2,2,2,5,1,few hours a day,1,18,3,female,village
942,5,5,5,4,1,5,1,5,3,most of the day,4,24,0,male,village
943,4,2,5,3,4,5,2,2,3,less than an hour a day,2,22,2,female,city
944,5,2,5,4,2,5,5,2,4,few hours a day,3,19,1,female,village
945,5,1,3,4,5,5,1,1,3,few hours a day,1,22,1,male,city
946,5,2,5,3,1,1,4,4,3,few hours a day,1,22,0,male,city
947,5,1,4,2,1,3,3,4,3,few hours a day,3,16,1,female,village
948,5,2,5,4,5,5,4,2,4,few hours a day,4,18,1,female,village
949,5,2,5,1,2,5,1,3,3,most of the day,3,18,3,female,city
950,5,3,5,4,1,5,5,5,3,most of the day,5,15,0,male,village
951,4,5,5,1,3,1,3,4,1,most of the day,1,26,3,male,city
952,5,4,4,3,5,2,2,2,4,few hours a day,5,19,1,male,city
953,5,1,5,4,3,4,5,3,3,few hours a day,4,20,1,female,city
954,5,4,4,2,4,4,3,2,4,few hours a day,3,20,0,female,city
955,5,1,4,5,5,5,2,2,3,few hours a day,3,19,1,female,city
956,5,1,5,3,2,4,1,4,3,most of the day,3,20,2,male,city
957,5,2,4,3,1,1,3,3,4,few hours a day,3,20,5,male,city
958,5,4,4,3,1,5,5,3,4,few hours a day,2,22,2,female,city
959,4,1,4,4,3,4,5,4,4,few hours a day,2,24,1,female,city
960,5,1,5,5,3,1,3,1,3,few hours a day,3,,,female,city
961,5,4,5,5,5,5,1,3,3,few hours a day,5,20,3,male,village
962,5,1,3,5,3,1,1,4,4,less than an hour a day,5,21,1,female,village
963,4,4,5,5,1,3,1,1,1,most of the day,4,23,0,male,city
964,5,2,3,3,2,4,3,3,3,few hours a day,4,21,3,male,city
965,5,4,5,5,1,1,5,5,3,few hours a day,3,17,2,female,city
966,5,1,5,5,1,5,1,1,1,less than an hour a day,1,19,1,female,city
967,5,2,5,5,5,4,1,2,4,few hours a day,4,18,1,male,city
968,5,3,5,2,5,4,1,2,3,few hours a day,3,19,2,male,city
969,5,1,5,3,3,1,2,1,2,few hours a day,2,19,2,male,village
970,5,1,5,2,4,3,2,5,3,few hours a day,1,22,1,male,city
971,5,3,4,3,3,3,3,2,4,few hours a day,4,18,1,male,city
972,5,2,5,3,3,5,5,2,4,less than an hour a day,3,19,0,female,city
973,5,1,4,2,1,4,2,2,3,most of the day,4,20,2,female,city
974,5,2,5,3,5,3,3,1,1,few hours a day,3,21,0,female,city
975,5,5,5,5,1,5,5,1,2,most of the day,3,23,1,female,village
976,5,2,5,2,4,2,4,2,4,few hours a day,4,19,1,female,city
977,5,4,5,2,3,3,2,2,2,few hours a day,2,19,1,male,village
978,5,1,5,5,2,4,4,4,4,few hours a day,2,21,2,female,city
979,5,2,5,5,3,4,4,2,3,few hours a day,3,19,0,male,city
980,5,1,5,5,1,3,5,2,4,less than an hour a day,1,18,2,female,city
981,5,1,5,5,1,1,5,4,2,most of the day,5,19,1,female,village
982,5,1,4,1,3,4,1,3,4,few hours a day,2,18,2,male,city
983,5,2,5,2,1,4,5,2,3,few hours a day,2,22,2,female,village
984,5,1,4,1,1,4,5,3,1,most of the day,4,21,1,female,city
985,5,1,5,4,1,2,4,3,1,few hours a day,5,20,1,female,city
986,4,4,4,5,5,1,1,3,3,few hours a day,1,19,3,female,city
987,4,1,4,5,2,2,2,4,2,few hours a day,3,20,1,male,city
988,5,,5,5,4,1,1,5,3,few hours a day,1,19,0,male,city
989,5,5,3,5,1,1,1,5,3,most of the day,3,30,2,female,village
990,5,1,5,3,1,1,1,2,2,few hours a day,1,29,1,male,city
991,5,2,5,4,1,5,3,2,1,most of the day,3,21,0,male,city
992,4,5,4,5,5,1,5,3,3,most of the day,1,30,1,male,city
993,5,2,5,1,1,2,3,4,3,few hours a day,4,21,0,female,city
994,5,1,5,5,1,5,4,3,4,few hours a day,3,20,0,female,city
995,5,5,5,3,4,5,1,4,4,few hours a day,4,18,0,female,city
996,5,1,3,4,1,2,2,2,4,few hours a day,3,20,0,male,
997,5,1,4,1,2,5,4,2,,less than an hour a day,3,19,1,female,
998,5,5,5,3,5,1,1,2,3,few hours a day,4,28,1,male,city
999,5,5,4,4,5,1,2,3,3,few hours a day,3,19,1,male,city
1000,5,3,5,3,1,5,1,3,2,few hours a day,1,16,1,female,city
1001,5,3,3,3,1,4,1,2,2,few hours a day,2,18,2,female,city
1002,5,3,3,2,1,2,1,3,2,few hours a day,4,22,1,male,city
1003,4,4,5,3,1,5,4,3,4,few hours a day,3,20,1,female,city
1004,5,5,5,3,2,4,3,3,2,few hours a day,4,22,1,male,city
1005,5,3,5,4,1,4,2,4,4,few hours a day,3,20,1,female,city
1006,4,4,5,4,5,5,1,1,4,less than an hour a day,3,27,5,male,village
1007,4,1,4,2,3,5,2,4,4,most of the day,1,18,0,female,city
1008,5,2,5,3,1,4,3,3,3,most of the day,3,25,1,female,city
1009,5,3,5,2,2,5,1,3,3,few hours a day,5,21,1,male,village